transaction_id,vin,fuel_liters,odometer_reading,timestamp
TXN1084,VIN0000,107.45,10401.38,2026-01-01 00:00:00
TXN7291,VIN0000,56.61,10949.17,2026-01-02 00:00:00
TXN5598,VIN0000,56.09,11198.77,2026-01-03 00:00:00
TXN5871,VIN0000,114.9,11728.04,2026-01-04 00:00:00
TXN1720,VIN0000,60.44,12083.83,2026-01-05 00:00:00
TXN7795,VIN0000,97.16,12295.84,2026-01-06 00:00:00
TXN6025,VIN0000,51.85,12751.06,2026-01-07 00:00:00
TXN1236,VIN0000,50.29,13205.52,2026-01-08 00:00:00
TXN5078,VIN0000,54.61,13761.44,2026-01-09 00:00:00
TXN5756,VIN0000,106.09,14067.47,2026-01-10 00:00:00
TXN1751,VIN0000,41.1,14428.48,2026-01-11 00:00:00
TXN3608,VIN0000,40.62,14907.58,2026-01-12 00:00:00
TXN5516,VIN0000,93.84,15314.52,2026-01-13 00:00:00
TXN8622,VIN0000,88.8,15517.49,2026-01-14 00:00:00
TXN2715,VIN0000,86.03,15989.55,2026-01-15 00:00:00
TXN8539,VIN0000,101.48,16303.89,2026-01-16 00:00:00
TXN3848,VIN0000,111.18,16573.61,2026-01-17 00:00:00
TXN4094,VIN0000,69.88,16942.2,2026-01-18 00:00:00
TXN5060,VIN0000,89.78,17349.19,2026-01-19 00:00:00
TXN1699,VIN0000,83.81,17718.05,2026-01-20 00:00:00
TXN2757,VIN0000,86.89,18024.89,2026-01-21 00:00:00
TXN9976,VIN0000,105.17,18610.54,2026-01-22 00:00:00
TXN6729,VIN0000,103.57,19118.42,2026-01-23 00:00:00
TXN5644,VIN0000,66.21,19485.24,2026-01-24 00:00:00
TXN9326,VIN0000,85.87,20081.24,2026-01-25 00:00:00
TXN7729,VIN0000,84.29,20384.02,2026-01-26 00:00:00
TXN1486,VIN0000,58.0,20680.2,2026-01-27 00:00:00
TXN7306,VIN0000,118.53,20885.63,2026-01-28 00:00:00
TXN2081,VIN0000,62.34,21400.25,2026-01-29 00:00:00
TXN6503,VIN0000,65.31,21748.38,2026-01-30 00:00:00
TXN3904,VIN0001,106.39,10371.31,2026-01-01 00:00:00
TXN7787,VIN0001,77.3,10714.91,2026-01-02 00:00:00
TXN7898,VIN0001,116.1,10953.08,2026-01-03 00:00:00
TXN2355,VIN0001,86.02,11385.41,2026-01-04 00:00:00
TXN8903,VIN0001,48.92,11923.65,2026-01-05 00:00:00
TXN6770,VIN0001,93.48,12411.44,2026-01-06 00:00:00
TXN7926,VIN0001,94.71,12937.1,2026-01-07 00:00:00
TXN6968,VIN0001,70.24,13467.87,2026-01-08 00:00:00
TXN4736,VIN0001,102.34,13875.28,2026-01-09 00:00:00
TXN3263,VIN0001,48.67,14229.6,2026-01-10 00:00:00
TXN5706,VIN0001,46.01,14714.25,2026-01-11 00:00:00
TXN8833,VIN0001,95.05,15179.04,2026-01-12 00:00:00
TXN8343,VIN0001,50.77,15616.27,2026-01-13 00:00:00
TXN5276,VIN0001,61.92,15827.38,2026-01-14 00:00:00
TXN1697,VIN0001,41.26,16090.92,2026-01-15 00:00:00
TXN5636,VIN0001,54.88,16633.06,2026-01-16 00:00:00
TXN7425,VIN0001,46.25,16881.65,2026-01-17 00:00:00
TXN3330,VIN0001,83.7,17245.15,2026-01-18 00:00:00
TXN3567,VIN0001,59.83,17753.12,2026-01-19 00:00:00
TXN7891,VIN0001,107.98,18110.9,2026-01-20 00:00:00
TXN6770,VIN0001,106.32,18609.43,2026-01-21 00:00:00
TXN9643,VIN0001,71.57,19028.94,2026-01-22 00:00:00
TXN7942,VIN0001,65.34,19486.04,2026-01-23 00:00:00
TXN9227,VIN0001,49.21,20021.34,2026-01-24 00:00:00
TXN4024,VIN0001,74.89,20531.02,2026-01-25 00:00:00
TXN5134,VIN0001,103.81,20911.84,2026-01-26 00:00:00
TXN3543,VIN0001,59.03,21352.38,2026-01-27 00:00:00
TXN2881,VIN0001,41.59,21626.56,2026-01-28 00:00:00
TXN3767,VIN0001,51.17,22195.18,2026-01-29 00:00:00
TXN4830,VIN0001,95.26,22459.36,2026-01-30 00:00:00
TXN2404,VIN0002,89.96,10313.45,2026-01-01 00:00:00
TXN6383,VIN0002,45.87,10880.09,2026-01-02 00:00:00
TXN7132,VIN0002,91.55,11329.05,2026-01-03 00:00:00
TXN9284,VIN0002,74.6,11574.8,2026-01-04 00:00:00
TXN7917,VIN0002,84.23,12157.82,2026-01-05 00:00:00
TXN1591,VIN0002,57.81,12434.5,2026-01-06 00:00:00
TXN7241,VIN0002,91.03,12671.16,2026-01-07 00:00:00
TXN2724,VIN0002,83.28,13114.24,2026-01-08 00:00:00
TXN4001,VIN0002,41.93,13342.67,2026-01-09 00:00:00
TXN3890,VIN0002,43.96,13848.12,2026-01-10 00:00:00
TXN1951,VIN0002,60.94,14428.64,2026-01-11 00:00:00
TXN5887,VIN0002,59.04,14824.43,2026-01-12 00:00:00
TXN1309,VIN0002,111.75,15036.39,2026-01-13 00:00:00
TXN1502,VIN0002,82.08,15410.42,2026-01-14 00:00:00
TXN2394,VIN0002,92.1,15664.69,2026-01-15 00:00:00
TXN1673,VIN0002,61.16,16023.36,2026-01-16 00:00:00
TXN7799,VIN0002,77.42,16376.21,2026-01-17 00:00:00
TXN5178,VIN0002,76.77,16650.21,2026-01-18 00:00:00
TXN8845,VIN0002,84.62,17185.55,2026-01-19 00:00:00
TXN9667,VIN0002,61.06,17664.59,2026-01-20 00:00:00
TXN7161,VIN0002,49.44,18144.94,2026-01-21 00:00:00
TXN5406,VIN0002,45.43,18503.09,2026-01-22 00:00:00
TXN3794,VIN0002,48.85,19054.51,2026-01-23 00:00:00
TXN2655,VIN0002,105.07,19594.07,2026-01-24 00:00:00
TXN5260,VIN0002,51.3,20105.31,2026-01-25 00:00:00
TXN2313,VIN0002,66.83,20485.67,2026-01-26 00:00:00
TXN2003,VIN0002,64.52,21060.83,2026-01-27 00:00:00
TXN5323,VIN0002,42.66,21304.59,2026-01-28 00:00:00
TXN6904,VIN0002,97.24,21708.0,2026-01-29 00:00:00
TXN4259,VIN0002,96.39,22254.72,2026-01-30 00:00:00
TXN5281,VIN0003,58.55,10569.39,2026-01-01 00:00:00
TXN3350,VIN0003,101.61,10987.96,2026-01-02 00:00:00
TXN6455,VIN0003,64.19,11273.26,2026-01-03 00:00:00
TXN2212,VIN0003,109.08,11788.7,2026-01-04 00:00:00
TXN1484,VIN0003,45.52,12265.39,2026-01-05 00:00:00
TXN8910,VIN0003,89.54,12501.93,2026-01-06 00:00:00
TXN8594,VIN0003,80.78,13069.45,2026-01-07 00:00:00
TXN8552,VIN0003,115.56,13326.85,2026-01-08 00:00:00
TXN6708,VIN0003,114.82,13596.41,2026-01-09 00:00:00
TXN4960,VIN0003,105.02,13900.28,2026-01-10 00:00:00
TXN5679,VIN0003,63.88,14332.6,2026-01-11 00:00:00
TXN8935,VIN0003,43.0,14876.07,2026-01-12 00:00:00
TXN3674,VIN0003,40.87,15295.22,2026-01-13 00:00:00
TXN3473,VIN0003,71.77,15591.01,2026-01-14 00:00:00
TXN2720,VIN0003,92.86,15859.04,2026-01-15 00:00:00
TXN1866,VIN0003,64.84,16415.57,2026-01-16 00:00:00
TXN3128,VIN0003,98.62,16891.06,2026-01-17 00:00:00
TXN4397,VIN0003,78.86,17135.32,2026-01-18 00:00:00
TXN7176,VIN0003,64.67,17577.95,2026-01-19 00:00:00
TXN7976,VIN0003,113.68,18135.41,2026-01-20 00:00:00
TXN3323,VIN0003,78.93,18582.64,2026-01-21 00:00:00
TXN3005,VIN0003,75.28,18936.21,2026-01-22 00:00:00
TXN7515,VIN0003,63.99,19350.73,2026-01-23 00:00:00
TXN2350,VIN0003,91.53,19784.45,2026-01-24 00:00:00
TXN6014,VIN0003,48.41,19985.51,2026-01-25 00:00:00
TXN8611,VIN0003,108.71,20320.05,2026-01-26 00:00:00
TXN9188,VIN0003,112.5,20588.5,2026-01-27 00:00:00
TXN2676,VIN0003,77.61,21181.37,2026-01-28 00:00:00
TXN7687,VIN0003,117.84,21706.27,2026-01-29 00:00:00
TXN8325,VIN0003,103.12,21946.43,2026-01-30 00:00:00
TXN1486,VIN0004,100.2,10278.56,2026-01-01 00:00:00
TXN8661,VIN0004,58.21,10825.9,2026-01-02 00:00:00
TXN9243,VIN0004,87.54,11271.58,2026-01-03 00:00:00
TXN3948,VIN0004,113.56,11506.71,2026-01-04 00:00:00
TXN1842,VIN0004,74.23,11778.66,2026-01-05 00:00:00
TXN3189,VIN0004,81.21,12131.13,2026-01-06 00:00:00
TXN9705,VIN0004,107.39,12515.87,2026-01-07 00:00:00
TXN8119,VIN0004,70.94,12890.89,2026-01-08 00:00:00
TXN3801,VIN0004,62.54,13384.53,2026-01-09 00:00:00
TXN1083,VIN0004,80.19,13729.24,2026-01-10 00:00:00
TXN1105,VIN0004,108.65,14325.11,2026-01-11 00:00:00
TXN4194,VIN0004,61.58,14911.62,2026-01-12 00:00:00
TXN9045,VIN0004,41.15,15319.97,2026-01-13 00:00:00
TXN4905,VIN0004,54.69,15880.78,2026-01-14 00:00:00
TXN9582,VIN0004,81.78,16170.33,2026-01-15 00:00:00
TXN2761,VIN0004,96.07,16450.3,2026-01-16 00:00:00
TXN5818,VIN0004,89.93,16813.81,2026-01-17 00:00:00
TXN5156,VIN0004,57.13,17351.2,2026-01-18 00:00:00
TXN2933,VIN0004,83.39,17899.12,2026-01-19 00:00:00
TXN3448,VIN0004,40.35,18277.34,2026-01-20 00:00:00
TXN9656,VIN0004,104.77,18675.15,2026-01-21 00:00:00
TXN2184,VIN0004,70.06,18982.14,2026-01-22 00:00:00
TXN2152,VIN0004,70.16,19183.54,2026-01-23 00:00:00
TXN9313,VIN0004,118.31,19702.92,2026-01-24 00:00:00
TXN2125,VIN0004,92.65,20211.21,2026-01-25 00:00:00
TXN8241,VIN0004,66.15,20628.06,2026-01-26 00:00:00
TXN1915,VIN0004,87.44,21211.99,2026-01-27 00:00:00
TXN4593,VIN0004,60.43,21564.35,2026-01-28 00:00:00
TXN1993,VIN0004,53.11,22089.81,2026-01-29 00:00:00
TXN3142,VIN0004,119.07,22294.43,2026-01-30 00:00:00
TXN6112,VIN0005,52.33,10490.69,2026-01-01 00:00:00
TXN6480,VIN0005,104.88,10820.24,2026-01-02 00:00:00
TXN7267,VIN0005,48.12,11261.02,2026-01-03 00:00:00
TXN9903,VIN0005,81.87,11721.33,2026-01-04 00:00:00
TXN9375,VIN0005,95.7,12301.28,2026-01-05 00:00:00
TXN1562,VIN0005,49.39,12854.12,2026-01-06 00:00:00
TXN4368,VIN0005,75.82,13227.93,2026-01-07 00:00:00
TXN7202,VIN0005,68.78,13551.89,2026-01-08 00:00:00
TXN8067,VIN0005,75.97,14124.61,2026-01-09 00:00:00
TXN9757,VIN0005,111.39,14445.24,2026-01-10 00:00:00
TXN7387,VIN0005,44.92,14851.06,2026-01-11 00:00:00
TXN8818,VIN0005,44.25,15352.12,2026-01-12 00:00:00
TXN5164,VIN0005,55.04,15588.93,2026-01-13 00:00:00
TXN2611,VIN0005,80.88,15970.48,2026-01-14 00:00:00
TXN2865,VIN0005,51.75,16526.94,2026-01-15 00:00:00
TXN5807,VIN0005,113.37,17075.61,2026-01-16 00:00:00
TXN9281,VIN0005,114.96,17539.79,2026-01-17 00:00:00
TXN7039,VIN0005,116.44,17905.84,2026-01-18 00:00:00
TXN5012,VIN0005,118.38,18281.51,2026-01-19 00:00:00
TXN5305,VIN0005,95.22,18733.59,2026-01-20 00:00:00
TXN1112,VIN0005,88.64,19063.69,2026-01-21 00:00:00
TXN4669,VIN0005,85.25,19365.0,2026-01-22 00:00:00
TXN7933,VIN0005,52.5,19915.74,2026-01-23 00:00:00
TXN1401,VIN0005,83.39,20220.59,2026-01-24 00:00:00
TXN9051,VIN0005,102.91,20422.5,2026-01-25 00:00:00
TXN3128,VIN0005,103.84,20701.4,2026-01-26 00:00:00
TXN6772,VIN0005,55.11,21154.54,2026-01-27 00:00:00
TXN2164,VIN0005,60.99,21569.65,2026-01-28 00:00:00
TXN4429,VIN0005,119.14,22046.72,2026-01-29 00:00:00
TXN4488,VIN0005,43.44,22501.08,2026-01-30 00:00:00
TXN6761,VIN0006,105.94,10215.5,2026-01-01 00:00:00
TXN1233,VIN0006,49.87,10809.07,2026-01-02 00:00:00
TXN2843,VIN0006,119.2,11153.85,2026-01-03 00:00:00
TXN2579,VIN0006,99.5,11377.57,2026-01-04 00:00:00
TXN9122,VIN0006,63.78,11859.66,2026-01-05 00:00:00
TXN4325,VIN0006,92.74,12439.81,2026-01-06 00:00:00
TXN3570,VIN0006,102.11,12893.13,2026-01-07 00:00:00
TXN5202,VIN0006,93.37,13181.95,2026-01-08 00:00:00
TXN6514,VIN0006,69.49,13482.28,2026-01-09 00:00:00
TXN8905,VIN0006,98.33,14000.59,2026-01-10 00:00:00
TXN2082,VIN0006,107.22,14559.05,2026-01-11 00:00:00
TXN6304,VIN0006,64.45,14810.87,2026-01-12 00:00:00
TXN6088,VIN0006,70.52,15348.99,2026-01-13 00:00:00
TXN9247,VIN0006,76.92,15573.94,2026-01-14 00:00:00
TXN9271,VIN0006,76.37,16148.48,2026-01-15 00:00:00
TXN1450,VIN0006,100.57,16668.61,2026-01-16 00:00:00
TXN8839,VIN0006,119.49,17134.4,2026-01-17 00:00:00
TXN2133,VIN0006,117.0,17688.01,2026-01-18 00:00:00
TXN7348,VIN0006,58.84,18257.53,2026-01-19 00:00:00
TXN6619,VIN0006,95.26,18810.45,2026-01-20 00:00:00
TXN6345,VIN0006,76.82,19168.66,2026-01-21 00:00:00
TXN9953,VIN0006,92.74,19673.48,2026-01-22 00:00:00
TXN6847,VIN0006,110.39,20100.83,2026-01-23 00:00:00
TXN7582,VIN0006,86.47,20640.59,2026-01-24 00:00:00
TXN1914,VIN0006,91.32,20996.09,2026-01-25 00:00:00
TXN7731,VIN0006,85.19,21385.11,2026-01-26 00:00:00
TXN8709,VIN0006,59.41,21698.61,2026-01-27 00:00:00
TXN4182,VIN0006,101.31,22135.76,2026-01-28 00:00:00
TXN7652,VIN0006,52.31,22707.26,2026-01-29 00:00:00
TXN3054,VIN0006,99.91,23087.12,2026-01-30 00:00:00
TXN5368,VIN0007,77.19,10509.36,2026-01-01 00:00:00
TXN4945,VIN0007,91.58,11045.51,2026-01-02 00:00:00
TXN7578,VIN0007,107.03,11457.53,2026-01-03 00:00:00
TXN1559,VIN0007,67.54,11715.49,2026-01-04 00:00:00
TXN1908,VIN0007,115.84,12243.39,2026-01-05 00:00:00
TXN3931,VIN0007,60.32,12610.81,2026-01-06 00:00:00
TXN5163,VIN0007,48.78,13054.31,2026-01-07 00:00:00
TXN5372,VIN0007,108.51,13303.5,2026-01-08 00:00:00
TXN1310,VIN0007,98.15,13783.03,2026-01-09 00:00:00
TXN4368,VIN0007,46.85,14097.06,2026-01-10 00:00:00
TXN8632,VIN0007,71.29,14457.41,2026-01-11 00:00:00
TXN4152,VIN0007,107.38,14791.36,2026-01-12 00:00:00
TXN8924,VIN0007,110.4,15308.36,2026-01-13 00:00:00
TXN5055,VIN0007,108.48,15600.64,2026-01-14 00:00:00
TXN1957,VIN0007,56.61,15990.4,2026-01-15 00:00:00
TXN5962,VIN0007,71.7,16215.92,2026-01-16 00:00:00
TXN9975,VIN0007,96.08,16748.69,2026-01-17 00:00:00
TXN2253,VIN0007,105.21,16998.17,2026-01-18 00:00:00
TXN1443,VIN0007,75.36,17215.69,2026-01-19 00:00:00
TXN3154,VIN0007,42.84,17532.18,2026-01-20 00:00:00
TXN4177,VIN0007,87.17,18096.72,2026-01-21 00:00:00
TXN2493,VIN0007,111.79,18448.56,2026-01-22 00:00:00
TXN8490,VIN0007,46.04,18901.64,2026-01-23 00:00:00
TXN3257,VIN0007,55.93,19173.71,2026-01-24 00:00:00
TXN1199,VIN0007,90.74,19712.11,2026-01-25 00:00:00
TXN5279,VIN0007,57.4,20144.42,2026-01-26 00:00:00
TXN7379,VIN0007,55.91,20517.8,2026-01-27 00:00:00
TXN7919,VIN0007,114.9,20868.47,2026-01-28 00:00:00
TXN6204,VIN0007,112.31,21410.62,2026-01-29 00:00:00
TXN4159,VIN0007,115.62,21812.11,2026-01-30 00:00:00
TXN9612,VIN0008,83.99,10247.4,2026-01-01 00:00:00
TXN7671,VIN0008,47.27,10799.99,2026-01-02 00:00:00
TXN3255,VIN0008,119.72,11297.05,2026-01-03 00:00:00
TXN3015,VIN0008,68.81,11830.02,2026-01-04 00:00:00
TXN9749,VIN0008,56.07,12354.29,2026-01-05 00:00:00
TXN9964,VIN0008,112.89,12709.51,2026-01-06 00:00:00
TXN1383,VIN0008,61.24,13170.8,2026-01-07 00:00:00
TXN5781,VIN0008,81.21,13722.34,2026-01-08 00:00:00
TXN4991,VIN0008,119.06,14166.89,2026-01-09 00:00:00
TXN3281,VIN0008,110.49,14421.3,2026-01-10 00:00:00
TXN2590,VIN0008,68.34,14871.86,2026-01-11 00:00:00
TXN7109,VIN0008,90.7,15437.45,2026-01-12 00:00:00
TXN6458,VIN0008,60.09,15718.24,2026-01-13 00:00:00
TXN6182,VIN0008,97.26,16176.59,2026-01-14 00:00:00
TXN9826,VIN0008,82.25,16727.75,2026-01-15 00:00:00
TXN8124,VIN0008,107.68,16992.97,2026-01-16 00:00:00
TXN3045,VIN0008,59.5,17591.04,2026-01-17 00:00:00
TXN6535,VIN0008,101.8,18095.33,2026-01-18 00:00:00
TXN9398,VIN0008,68.31,18406.73,2026-01-19 00:00:00
TXN8251,VIN0008,87.49,18657.78,2026-01-20 00:00:00
TXN3868,VIN0008,40.92,19055.74,2026-01-21 00:00:00
TXN8690,VIN0008,105.83,19340.47,2026-01-22 00:00:00
TXN4055,VIN0008,42.43,19821.11,2026-01-23 00:00:00
TXN5012,VIN0008,49.87,20402.2,2026-01-24 00:00:00
TXN9360,VIN0008,111.29,20971.04,2026-01-25 00:00:00
TXN7212,VIN0008,70.41,21278.78,2026-01-26 00:00:00
TXN8026,VIN0008,83.12,21498.05,2026-01-27 00:00:00
TXN3460,VIN0008,119.32,21944.52,2026-01-28 00:00:00
TXN5295,VIN0008,84.71,22289.49,2026-01-29 00:00:00
TXN2723,VIN0008,101.79,22744.61,2026-01-30 00:00:00
TXN3906,VIN0009,119.73,10402.23,2026-01-01 00:00:00
TXN5374,VIN0009,105.02,10846.98,2026-01-02 00:00:00
TXN5854,VIN0009,98.81,11405.06,2026-01-03 00:00:00
TXN1042,VIN0009,67.08,11880.41,2026-01-04 00:00:00
TXN3492,VIN0009,78.6,12478.68,2026-01-05 00:00:00
TXN8955,VIN0009,42.01,12756.81,2026-01-06 00:00:00
TXN9953,VIN0009,66.35,13019.78,2026-01-07 00:00:00
TXN3926,VIN0009,40.83,13389.16,2026-01-08 00:00:00
TXN1368,VIN0009,63.23,13915.16,2026-01-09 00:00:00
TXN5718,VIN0009,117.75,14232.19,2026-01-10 00:00:00
TXN7966,VIN0009,46.03,14544.47,2026-01-11 00:00:00
TXN3967,VIN0009,96.67,14772.24,2026-01-12 00:00:00
TXN7746,VIN0009,95.16,15349.15,2026-01-13 00:00:00
TXN8295,VIN0009,110.82,15876.47,2026-01-14 00:00:00
TXN1332,VIN0009,91.15,16302.13,2026-01-15 00:00:00
TXN3633,VIN0009,61.5,16583.49,2026-01-16 00:00:00
TXN5095,VIN0009,82.84,17142.64,2026-01-17 00:00:00
TXN2844,VIN0009,55.84,17593.63,2026-01-18 00:00:00
TXN4512,VIN0009,95.47,17829.81,2026-01-19 00:00:00
TXN2500,VIN0009,96.24,18151.77,2026-01-20 00:00:00
TXN4614,VIN0009,99.72,18511.56,2026-01-21 00:00:00
TXN7191,VIN0009,98.66,18725.84,2026-01-22 00:00:00
TXN9687,VIN0009,69.68,19006.22,2026-01-23 00:00:00
TXN6827,VIN0009,63.74,19322.05,2026-01-24 00:00:00
TXN8302,VIN0009,95.32,19536.93,2026-01-25 00:00:00
TXN5470,VIN0009,92.22,20134.45,2026-01-26 00:00:00
TXN6013,VIN0009,75.42,20427.72,2026-01-27 00:00:00
TXN7464,VIN0009,78.22,20804.26,2026-01-28 00:00:00
TXN1352,VIN0009,70.01,21281.53,2026-01-29 00:00:00
TXN2211,VIN0009,60.39,21723.43,2026-01-30 00:00:00
TXN1943,VIN0010,112.52,10440.39,2026-01-01 00:00:00
TXN2479,VIN0010,118.46,10813.08,2026-01-02 00:00:00
TXN8261,VIN0010,90.0,11225.53,2026-01-03 00:00:00
TXN5816,VIN0010,53.26,11445.78,2026-01-04 00:00:00
TXN3084,VIN0010,92.51,12003.12,2026-01-05 00:00:00
TXN7483,VIN0010,106.57,12508.19,2026-01-06 00:00:00
TXN9309,VIN0010,61.09,12777.3,2026-01-07 00:00:00
TXN7961,VIN0010,75.35,13174.83,2026-01-08 00:00:00
TXN2776,VIN0010,112.61,13729.7,2026-01-09 00:00:00
TXN7930,VIN0010,89.96,14172.44,2026-01-10 00:00:00
TXN1712,VIN0010,119.07,14615.66,2026-01-11 00:00:00
TXN5263,VIN0010,86.9,14827.58,2026-01-12 00:00:00
TXN4371,VIN0010,91.55,15150.22,2026-01-13 00:00:00
TXN8988,VIN0010,83.69,15557.51,2026-01-14 00:00:00
TXN1764,VIN0010,74.48,16127.44,2026-01-15 00:00:00
TXN8093,VIN0010,54.95,16684.18,2026-01-16 00:00:00
TXN1894,VIN0010,68.83,16889.79,2026-01-17 00:00:00
TXN6503,VIN0010,63.43,17114.08,2026-01-18 00:00:00
TXN6628,VIN0010,45.87,17567.67,2026-01-19 00:00:00
TXN5270,VIN0010,64.89,18003.6,2026-01-20 00:00:00
TXN3640,VIN0010,61.86,18474.22,2026-01-21 00:00:00
TXN4854,VIN0010,93.54,18890.58,2026-01-22 00:00:00
TXN8150,VIN0010,117.36,19453.28,2026-01-23 00:00:00
TXN4867,VIN0010,75.7,20027.0,2026-01-24 00:00:00
TXN3864,VIN0010,63.58,20305.05,2026-01-25 00:00:00
TXN4864,VIN0010,118.69,20530.08,2026-01-26 00:00:00
TXN1522,VIN0010,108.71,20895.78,2026-01-27 00:00:00
TXN2898,VIN0010,101.96,21268.14,2026-01-28 00:00:00
TXN4964,VIN0010,72.88,21762.77,2026-01-29 00:00:00
TXN8782,VIN0010,119.48,22030.94,2026-01-30 00:00:00
TXN6954,VIN0011,82.51,10360.52,2026-01-01 00:00:00
TXN7927,VIN0011,51.31,10840.89,2026-01-02 00:00:00
TXN6752,VIN0011,97.4,11318.73,2026-01-03 00:00:00
TXN6547,VIN0011,96.5,11802.08,2026-01-04 00:00:00
TXN8332,VIN0011,54.24,12389.37,2026-01-05 00:00:00
TXN4390,VIN0011,56.05,12735.16,2026-01-06 00:00:00
TXN1793,VIN0011,102.87,13102.52,2026-01-07 00:00:00
TXN5504,VIN0011,80.35,13667.05,2026-01-08 00:00:00
TXN4686,VIN0011,109.51,14241.81,2026-01-09 00:00:00
TXN4760,VIN0011,118.2,14455.82,2026-01-10 00:00:00
TXN8526,VIN0011,85.24,14914.92,2026-01-11 00:00:00
TXN5685,VIN0011,74.84,15464.64,2026-01-12 00:00:00
TXN7283,VIN0011,40.34,15666.6,2026-01-13 00:00:00
TXN5905,VIN0011,94.78,16250.88,2026-01-14 00:00:00
TXN5852,VIN0011,116.76,16631.06,2026-01-15 00:00:00
TXN2725,VIN0011,58.58,17006.45,2026-01-16 00:00:00
TXN7604,VIN0011,114.87,17236.64,2026-01-17 00:00:00
TXN8863,VIN0011,96.24,17831.8,2026-01-18 00:00:00
TXN3204,VIN0011,95.92,18422.0,2026-01-19 00:00:00
TXN1312,VIN0011,57.76,18670.7,2026-01-20 00:00:00
TXN9593,VIN0011,117.81,19056.47,2026-01-21 00:00:00
TXN9460,VIN0011,62.44,19630.17,2026-01-22 00:00:00
TXN7434,VIN0011,51.48,20002.31,2026-01-23 00:00:00
TXN6005,VIN0011,56.04,20481.43,2026-01-24 00:00:00
TXN5999,VIN0011,42.96,20867.54,2026-01-25 00:00:00
TXN7187,VIN0011,54.79,21353.45,2026-01-26 00:00:00
TXN4576,VIN0011,57.61,21560.42,2026-01-27 00:00:00
TXN3336,VIN0011,77.2,21814.86,2026-01-28 00:00:00
TXN5050,VIN0011,85.03,22257.29,2026-01-29 00:00:00
TXN4384,VIN0011,89.79,22513.8,2026-01-30 00:00:00
TXN3274,VIN0012,108.2,10344.86,2026-01-01 00:00:00
TXN8749,VIN0012,41.18,10647.37,2026-01-02 00:00:00
TXN7558,VIN0012,68.75,10990.43,2026-01-03 00:00:00
TXN3077,VIN0012,64.76,11318.08,2026-01-04 00:00:00
TXN7565,VIN0012,114.62,11831.58,2026-01-05 00:00:00
TXN7744,VIN0012,64.57,12090.92,2026-01-06 00:00:00
TXN4207,VIN0012,45.12,12406.32,2026-01-07 00:00:00
TXN1299,VIN0012,95.51,12984.74,2026-01-08 00:00:00
TXN5254,VIN0012,41.27,13421.9,2026-01-09 00:00:00
TXN5601,VIN0012,119.19,13777.01,2026-01-10 00:00:00
TXN6529,VIN0012,84.89,14025.51,2026-01-11 00:00:00
TXN3451,VIN0012,56.87,14617.48,2026-01-12 00:00:00
TXN1201,VIN0012,50.0,15126.62,2026-01-13 00:00:00
TXN8882,VIN0012,65.7,15398.8,2026-01-14 00:00:00
TXN8400,VIN0012,74.97,15711.89,2026-01-15 00:00:00
TXN3876,VIN0012,113.49,16035.33,2026-01-16 00:00:00
TXN8343,VIN0012,40.61,16294.14,2026-01-17 00:00:00
TXN7903,VIN0012,98.64,16834.68,2026-01-18 00:00:00
TXN3502,VIN0012,80.02,17288.38,2026-01-19 00:00:00
TXN3525,VIN0012,91.52,17727.06,2026-01-20 00:00:00
TXN8300,VIN0012,111.59,18161.7,2026-01-21 00:00:00
TXN9018,VIN0012,62.45,18612.69,2026-01-22 00:00:00
TXN3531,VIN0012,105.56,18858.32,2026-01-23 00:00:00
TXN6815,VIN0012,71.18,19271.86,2026-01-24 00:00:00
TXN9805,VIN0012,48.91,19647.38,2026-01-25 00:00:00
TXN6222,VIN0012,42.03,20215.57,2026-01-26 00:00:00
TXN6085,VIN0012,108.35,20696.26,2026-01-27 00:00:00
TXN9952,VIN0012,72.87,21086.9,2026-01-28 00:00:00
TXN3329,VIN0012,119.81,21461.86,2026-01-29 00:00:00
TXN3016,VIN0012,58.56,21960.14,2026-01-30 00:00:00
TXN5693,VIN0013,69.8,10490.19,2026-01-01 00:00:00
TXN1239,VIN0013,108.26,10913.96,2026-01-02 00:00:00
TXN8887,VIN0013,104.41,11295.23,2026-01-03 00:00:00
TXN7030,VIN0013,98.95,11700.23,2026-01-04 00:00:00
TXN7809,VIN0013,53.32,12123.6,2026-01-05 00:00:00
TXN7250,VIN0013,119.83,12359.7,2026-01-06 00:00:00
TXN9613,VIN0013,109.3,12751.48,2026-01-07 00:00:00
TXN2589,VIN0013,91.45,13118.31,2026-01-08 00:00:00
TXN3506,VIN0013,70.42,13491.05,2026-01-09 00:00:00
TXN7770,VIN0013,74.89,13767.31,2026-01-10 00:00:00
TXN1745,VIN0013,55.66,14080.43,2026-01-11 00:00:00
TXN6419,VIN0013,53.52,14569.54,2026-01-12 00:00:00
TXN4427,VIN0013,117.18,14928.12,2026-01-13 00:00:00
TXN1768,VIN0013,110.04,15512.65,2026-01-14 00:00:00
TXN2666,VIN0013,54.4,16001.97,2026-01-15 00:00:00
TXN8174,VIN0013,117.74,16219.46,2026-01-16 00:00:00
TXN9585,VIN0013,107.59,16755.33,2026-01-17 00:00:00
TXN4834,VIN0013,89.53,16995.02,2026-01-18 00:00:00
TXN3956,VIN0013,70.69,17308.8,2026-01-19 00:00:00
TXN9770,VIN0013,112.06,17767.66,2026-01-20 00:00:00
TXN3226,VIN0013,110.27,18102.4,2026-01-21 00:00:00
TXN4389,VIN0013,105.04,18593.2,2026-01-22 00:00:00
TXN6638,VIN0013,97.91,19173.4,2026-01-23 00:00:00
TXN3327,VIN0013,106.07,19747.67,2026-01-24 00:00:00
TXN2409,VIN0013,56.08,20269.25,2026-01-25 00:00:00
TXN2014,VIN0013,113.38,20848.68,2026-01-26 00:00:00
TXN2161,VIN0013,112.45,21236.12,2026-01-27 00:00:00
TXN9843,VIN0013,118.83,21608.2,2026-01-28 00:00:00
TXN4148,VIN0013,72.12,22150.24,2026-01-29 00:00:00
TXN1490,VIN0013,42.7,22709.87,2026-01-30 00:00:00
TXN8796,VIN0014,48.45,10200.21,2026-01-01 00:00:00
TXN9590,VIN0014,44.63,10479.47,2026-01-02 00:00:00
TXN3281,VIN0014,66.91,10755.85,2026-01-03 00:00:00
TXN8969,VIN0014,92.81,11139.82,2026-01-04 00:00:00
TXN9928,VIN0014,89.68,11560.5,2026-01-05 00:00:00
TXN4399,VIN0014,77.66,11888.29,2026-01-06 00:00:00
TXN6650,VIN0014,100.47,12445.57,2026-01-07 00:00:00
TXN1920,VIN0014,102.97,12777.37,2026-01-08 00:00:00
TXN6952,VIN0014,78.66,13011.07,2026-01-09 00:00:00
TXN8556,VIN0014,52.97,13566.5,2026-01-10 00:00:00
TXN2482,VIN0014,62.52,13780.23,2026-01-11 00:00:00
TXN8141,VIN0014,99.74,14093.76,2026-01-12 00:00:00
TXN4728,VIN0014,46.32,14551.36,2026-01-13 00:00:00
TXN1654,VIN0014,105.3,15052.25,2026-01-14 00:00:00
TXN3802,VIN0014,40.25,15447.75,2026-01-15 00:00:00
TXN5761,VIN0014,76.57,15696.09,2026-01-16 00:00:00
TXN9980,VIN0014,70.28,16033.41,2026-01-17 00:00:00
TXN7418,VIN0014,91.49,16240.76,2026-01-18 00:00:00
TXN5266,VIN0014,65.2,16809.94,2026-01-19 00:00:00
TXN5736,VIN0014,52.25,17059.1,2026-01-20 00:00:00
TXN6807,VIN0014,86.69,17635.79,2026-01-21 00:00:00
TXN7192,VIN0014,114.88,18215.52,2026-01-22 00:00:00
TXN3497,VIN0014,57.84,18811.29,2026-01-23 00:00:00
TXN5557,VIN0014,96.89,19345.3,2026-01-24 00:00:00
TXN7615,VIN0014,58.99,19778.69,2026-01-25 00:00:00
TXN1092,VIN0014,52.44,20228.87,2026-01-26 00:00:00
TXN7218,VIN0014,44.27,20707.38,2026-01-27 00:00:00
TXN5723,VIN0014,71.29,21160.71,2026-01-28 00:00:00
TXN9865,VIN0014,66.68,21531.81,2026-01-29 00:00:00
TXN1193,VIN0014,49.34,21942.31,2026-01-30 00:00:00
TXN5300,VIN0015,116.72,10206.9,2026-01-01 00:00:00
TXN5079,VIN0015,117.87,10707.08,2026-01-02 00:00:00
TXN1202,VIN0015,50.06,11050.11,2026-01-03 00:00:00
TXN9776,VIN0015,86.39,11497.01,2026-01-04 00:00:00
TXN8711,VIN0015,112.16,11749.33,2026-01-05 00:00:00
TXN5021,VIN0015,45.06,12347.6,2026-01-06 00:00:00
TXN5868,VIN0015,54.76,12616.23,2026-01-07 00:00:00
TXN5337,VIN0015,68.09,12909.69,2026-01-08 00:00:00
TXN7044,VIN0015,86.78,13387.96,2026-01-09 00:00:00
TXN1907,VIN0015,45.12,13734.78,2026-01-10 00:00:00
TXN8517,VIN0015,68.83,14109.36,2026-01-11 00:00:00
TXN6910,VIN0015,77.6,14459.21,2026-01-12 00:00:00
TXN7135,VIN0015,67.38,14739.96,2026-01-13 00:00:00
TXN2621,VIN0015,78.83,15289.24,2026-01-14 00:00:00
TXN7746,VIN0015,46.92,15499.99,2026-01-15 00:00:00
TXN9219,VIN0015,76.46,15809.36,2026-01-16 00:00:00
TXN1724,VIN0015,103.94,16014.94,2026-01-17 00:00:00
TXN9917,VIN0015,99.19,16568.17,2026-01-18 00:00:00
TXN6310,VIN0015,95.7,17122.07,2026-01-19 00:00:00
TXN9134,VIN0015,65.9,17633.85,2026-01-20 00:00:00
TXN4551,VIN0015,91.15,17833.89,2026-01-21 00:00:00
TXN9741,VIN0015,64.66,18238.64,2026-01-22 00:00:00
TXN8597,VIN0015,119.13,18751.6,2026-01-23 00:00:00
TXN5300,VIN0015,85.3,18979.41,2026-01-24 00:00:00
TXN8387,VIN0015,79.73,19553.14,2026-01-25 00:00:00
TXN5720,VIN0015,82.78,19942.61,2026-01-26 00:00:00
TXN1902,VIN0015,44.3,20519.02,2026-01-27 00:00:00
TXN1743,VIN0015,65.79,20768.87,2026-01-28 00:00:00
TXN5132,VIN0015,44.03,21281.35,2026-01-29 00:00:00
TXN8900,VIN0015,78.03,21523.13,2026-01-30 00:00:00
TXN5166,VIN0016,86.44,10326.64,2026-01-01 00:00:00
TXN3416,VIN0016,82.15,10611.05,2026-01-02 00:00:00
TXN9916,VIN0016,41.89,11124.58,2026-01-03 00:00:00
TXN2718,VIN0016,56.68,11531.58,2026-01-04 00:00:00
TXN2772,VIN0016,54.41,11972.67,2026-01-05 00:00:00
TXN3040,VIN0016,40.88,12286.93,2026-01-06 00:00:00
TXN3081,VIN0016,79.96,12839.96,2026-01-07 00:00:00
TXN7236,VIN0016,53.53,13115.09,2026-01-08 00:00:00
TXN3954,VIN0016,92.55,13588.05,2026-01-09 00:00:00
TXN9373,VIN0016,95.85,13864.22,2026-01-10 00:00:00
TXN1718,VIN0016,94.38,14218.31,2026-01-11 00:00:00
TXN8664,VIN0016,94.31,14815.86,2026-01-12 00:00:00
TXN1059,VIN0016,52.26,15361.75,2026-01-13 00:00:00
TXN9876,VIN0016,51.85,15946.38,2026-01-14 00:00:00
TXN8401,VIN0016,58.49,16412.25,2026-01-15 00:00:00
TXN9204,VIN0016,109.83,16996.63,2026-01-16 00:00:00
TXN1052,VIN0016,60.88,17306.59,2026-01-17 00:00:00
TXN8450,VIN0016,105.57,17780.3,2026-01-18 00:00:00
TXN3119,VIN0016,78.38,18272.14,2026-01-19 00:00:00
TXN1097,VIN0016,62.92,18540.17,2026-01-20 00:00:00
TXN6124,VIN0016,76.67,18898.98,2026-01-21 00:00:00
TXN1166,VIN0016,105.54,19224.16,2026-01-22 00:00:00
TXN9203,VIN0016,67.85,19675.38,2026-01-23 00:00:00
TXN7471,VIN0016,57.24,20055.21,2026-01-24 00:00:00
TXN6745,VIN0016,44.49,20342.79,2026-01-25 00:00:00
TXN8246,VIN0016,76.37,20867.84,2026-01-26 00:00:00
TXN2740,VIN0016,41.09,21235.73,2026-01-27 00:00:00
TXN2035,VIN0016,59.77,21550.63,2026-01-28 00:00:00
TXN8809,VIN0016,91.94,21754.14,2026-01-29 00:00:00
TXN7549,VIN0016,70.39,22053.84,2026-01-30 00:00:00
TXN1436,VIN0017,100.61,10452.02,2026-01-01 00:00:00
TXN7746,VIN0017,109.8,10788.93,2026-01-02 00:00:00
TXN6651,VIN0017,75.28,11175.49,2026-01-03 00:00:00
TXN9129,VIN0017,118.03,11760.65,2026-01-04 00:00:00
TXN9242,VIN0017,44.1,12327.09,2026-01-05 00:00:00
TXN2158,VIN0017,106.24,12899.92,2026-01-06 00:00:00
TXN9071,VIN0017,47.22,13306.6,2026-01-07 00:00:00
TXN6420,VIN0017,97.47,13760.76,2026-01-08 00:00:00
TXN5802,VIN0017,48.07,14300.2,2026-01-09 00:00:00
TXN8642,VIN0017,60.17,14511.56,2026-01-10 00:00:00
TXN6237,VIN0017,117.06,14920.85,2026-01-11 00:00:00
TXN6670,VIN0017,108.21,15511.0,2026-01-12 00:00:00
TXN4389,VIN0017,103.77,16077.74,2026-01-13 00:00:00
TXN7052,VIN0017,61.47,16328.51,2026-01-14 00:00:00
TXN7612,VIN0017,105.25,16748.18,2026-01-15 00:00:00
TXN1472,VIN0017,110.63,17187.77,2026-01-16 00:00:00
TXN1237,VIN0017,60.77,17700.29,2026-01-17 00:00:00
TXN3892,VIN0017,79.29,18044.95,2026-01-18 00:00:00
TXN4192,VIN0017,91.17,18566.23,2026-01-19 00:00:00
TXN3186,VIN0017,59.47,18915.13,2026-01-20 00:00:00
TXN5797,VIN0017,57.79,19211.01,2026-01-21 00:00:00
TXN3435,VIN0017,92.49,19737.36,2026-01-22 00:00:00
TXN7183,VIN0017,82.14,19982.68,2026-01-23 00:00:00
TXN6559,VIN0017,87.7,20198.32,2026-01-24 00:00:00
TXN1331,VIN0017,44.13,20722.96,2026-01-25 00:00:00
TXN3286,VIN0017,97.12,21032.12,2026-01-26 00:00:00
TXN9723,VIN0017,119.74,21354.51,2026-01-27 00:00:00
TXN8121,VIN0017,114.51,21789.56,2026-01-28 00:00:00
TXN8449,VIN0017,44.99,22321.25,2026-01-29 00:00:00
TXN5418,VIN0017,53.72,22701.96,2026-01-30 00:00:00
TXN2752,VIN0018,117.8,10506.2,2026-01-01 00:00:00
TXN4649,VIN0018,41.5,10779.82,2026-01-02 00:00:00
TXN1097,VIN0018,82.13,11133.65,2026-01-03 00:00:00
TXN2526,VIN0018,53.71,11581.98,2026-01-04 00:00:00
TXN4968,VIN0018,41.74,12058.0,2026-01-05 00:00:00
TXN8618,VIN0018,46.39,12307.59,2026-01-06 00:00:00
TXN7688,VIN0018,74.81,12555.4,2026-01-07 00:00:00
TXN7546,VIN0018,92.74,13048.03,2026-01-08 00:00:00
TXN8288,VIN0018,82.84,13427.79,2026-01-09 00:00:00
TXN9276,VIN0018,54.82,13714.92,2026-01-10 00:00:00
TXN9930,VIN0018,41.34,14228.65,2026-01-11 00:00:00
TXN8810,VIN0018,113.85,14783.89,2026-01-12 00:00:00
TXN5568,VIN0018,65.76,15291.71,2026-01-13 00:00:00
TXN6798,VIN0018,47.74,15625.95,2026-01-14 00:00:00
TXN1140,VIN0018,79.08,15900.74,2026-01-15 00:00:00
TXN3625,VIN0018,80.27,16459.07,2026-01-16 00:00:00
TXN8044,VIN0018,67.63,17026.06,2026-01-17 00:00:00
TXN3835,VIN0018,54.39,17569.74,2026-01-18 00:00:00
TXN6795,VIN0018,86.35,17908.44,2026-01-19 00:00:00
TXN6991,VIN0018,107.19,18184.01,2026-01-20 00:00:00
TXN3598,VIN0018,69.75,18479.08,2026-01-21 00:00:00
TXN4702,VIN0018,88.31,18963.35,2026-01-22 00:00:00
TXN3097,VIN0018,77.25,19290.83,2026-01-23 00:00:00
TXN8578,VIN0018,60.02,19701.89,2026-01-24 00:00:00
TXN7566,VIN0018,103.86,20293.91,2026-01-25 00:00:00
TXN8553,VIN0018,61.46,20505.91,2026-01-26 00:00:00
TXN2509,VIN0018,118.94,20863.19,2026-01-27 00:00:00
TXN4965,VIN0018,48.41,21367.39,2026-01-28 00:00:00
TXN5101,VIN0018,79.92,21684.89,2026-01-29 00:00:00
TXN7654,VIN0018,112.93,22206.22,2026-01-30 00:00:00
TXN2256,VIN0019,96.33,10574.0,2026-01-01 00:00:00
TXN3422,VIN0019,79.44,11159.65,2026-01-02 00:00:00
TXN4612,VIN0019,102.11,11461.62,2026-01-03 00:00:00
TXN9363,VIN0019,90.75,12012.59,2026-01-04 00:00:00
TXN7746,VIN0019,82.84,12253.64,2026-01-05 00:00:00
TXN9984,VIN0019,64.68,12572.49,2026-01-06 00:00:00
TXN9562,VIN0019,79.44,12970.13,2026-01-07 00:00:00
TXN2495,VIN0019,79.82,13328.08,2026-01-08 00:00:00
TXN3720,VIN0019,80.65,13786.0,2026-01-09 00:00:00
TXN9754,VIN0019,100.91,14294.15,2026-01-10 00:00:00
TXN4591,VIN0019,109.07,14628.41,2026-01-11 00:00:00
TXN3038,VIN0019,57.79,15044.07,2026-01-12 00:00:00
TXN4410,VIN0019,99.9,15249.89,2026-01-13 00:00:00
TXN2364,VIN0019,108.43,15657.98,2026-01-14 00:00:00
TXN1430,VIN0019,105.7,16195.0,2026-01-15 00:00:00
TXN9801,VIN0019,72.09,16765.43,2026-01-16 00:00:00
TXN1048,VIN0019,112.09,17172.75,2026-01-17 00:00:00
TXN6388,VIN0019,68.85,17601.26,2026-01-18 00:00:00
TXN6251,VIN0019,105.05,18052.34,2026-01-19 00:00:00
TXN1932,VIN0019,81.98,18470.13,2026-01-20 00:00:00
TXN1215,VIN0019,73.43,18938.73,2026-01-21 00:00:00
TXN9121,VIN0019,91.74,19520.9,2026-01-22 00:00:00
TXN6378,VIN0019,98.42,19875.49,2026-01-23 00:00:00
TXN5074,VIN0019,104.16,20467.32,2026-01-24 00:00:00
TXN1950,VIN0019,62.91,20772.28,2026-01-25 00:00:00
TXN7068,VIN0019,105.25,21274.08,2026-01-26 00:00:00
TXN7397,VIN0019,89.79,21720.07,2026-01-27 00:00:00
TXN7716,VIN0019,54.42,22000.09,2026-01-28 00:00:00
TXN8434,VIN0019,118.31,22350.65,2026-01-29 00:00:00
TXN4614,VIN0019,90.48,22929.91,2026-01-30 00:00:00
TXN3576,VIN0020,111.17,10334.32,2026-01-01 00:00:00
TXN1188,VIN0020,113.59,10648.15,2026-01-02 00:00:00
TXN1595,VIN0020,119.26,10969.88,2026-01-03 00:00:00
TXN3385,VIN0020,103.95,11410.86,2026-01-04 00:00:00
TXN2915,VIN0020,43.46,11830.86,2026-01-05 00:00:00
TXN1567,VIN0020,62.64,12188.9,2026-01-06 00:00:00
TXN4048,VIN0020,66.72,12426.33,2026-01-07 00:00:00
TXN6779,VIN0020,104.59,12961.78,2026-01-08 00:00:00
TXN5492,VIN0020,66.91,13179.82,2026-01-09 00:00:00
TXN3010,VIN0020,61.2,13652.89,2026-01-10 00:00:00
TXN8869,VIN0020,72.57,14227.79,2026-01-11 00:00:00
TXN9036,VIN0020,49.45,14506.25,2026-01-12 00:00:00
TXN2194,VIN0020,68.56,14801.66,2026-01-13 00:00:00
TXN8957,VIN0020,99.31,15308.74,2026-01-14 00:00:00
TXN5246,VIN0020,50.39,15699.54,2026-01-15 00:00:00
TXN4401,VIN0020,55.33,16065.05,2026-01-16 00:00:00
TXN4587,VIN0020,69.6,16632.43,2026-01-17 00:00:00
TXN5557,VIN0020,52.25,16842.55,2026-01-18 00:00:00
TXN5953,VIN0020,91.42,17060.37,2026-01-19 00:00:00
TXN3335,VIN0020,63.89,17414.84,2026-01-20 00:00:00
TXN4187,VIN0020,98.47,17645.87,2026-01-21 00:00:00
TXN7913,VIN0020,61.47,18024.52,2026-01-22 00:00:00
TXN6700,VIN0020,86.64,18557.73,2026-01-23 00:00:00
TXN3243,VIN0020,89.58,18789.41,2026-01-24 00:00:00
TXN2134,VIN0020,74.86,19247.5,2026-01-25 00:00:00
TXN1663,VIN0020,54.94,19815.55,2026-01-26 00:00:00
TXN9258,VIN0020,52.38,20109.84,2026-01-27 00:00:00
TXN1095,VIN0020,109.76,20607.62,2026-01-28 00:00:00
TXN7132,VIN0020,76.9,21113.6,2026-01-29 00:00:00
TXN9603,VIN0020,97.05,21593.88,2026-01-30 00:00:00
TXN5026,VIN0021,108.76,10388.35,2026-01-01 00:00:00
TXN8897,VIN0021,98.2,10866.43,2026-01-02 00:00:00
TXN1132,VIN0021,100.41,11175.65,2026-01-03 00:00:00
TXN1689,VIN0021,58.1,11574.38,2026-01-04 00:00:00
TXN4786,VIN0021,76.09,11906.73,2026-01-05 00:00:00
TXN7209,VIN0021,97.57,12265.22,2026-01-06 00:00:00
TXN4846,VIN0021,69.84,12710.14,2026-01-07 00:00:00
TXN9103,VIN0021,93.81,12923.02,2026-01-08 00:00:00
TXN4610,VIN0021,57.4,13434.06,2026-01-09 00:00:00
TXN8885,VIN0021,40.02,13920.08,2026-01-10 00:00:00
TXN7697,VIN0021,56.87,14384.79,2026-01-11 00:00:00
TXN4291,VIN0021,71.9,14880.49,2026-01-12 00:00:00
TXN3610,VIN0021,55.71,15166.23,2026-01-13 00:00:00
TXN8514,VIN0021,44.44,15379.14,2026-01-14 00:00:00
TXN9089,VIN0021,93.89,15818.65,2026-01-15 00:00:00
TXN3018,VIN0021,65.13,16027.92,2026-01-16 00:00:00
TXN2124,VIN0021,103.24,16436.26,2026-01-17 00:00:00
TXN5068,VIN0021,75.91,16814.4,2026-01-18 00:00:00
TXN4013,VIN0021,43.06,17142.01,2026-01-19 00:00:00
TXN6545,VIN0021,89.71,17662.24,2026-01-20 00:00:00
TXN5104,VIN0021,63.23,18255.55,2026-01-21 00:00:00
TXN2315,VIN0021,60.4,18596.31,2026-01-22 00:00:00
TXN5161,VIN0021,73.1,19071.7,2026-01-23 00:00:00
TXN2452,VIN0021,70.68,19279.57,2026-01-24 00:00:00
TXN2472,VIN0021,92.07,19874.52,2026-01-25 00:00:00
TXN8899,VIN0021,51.04,20198.93,2026-01-26 00:00:00
TXN6093,VIN0021,52.16,20525.22,2026-01-27 00:00:00
TXN3190,VIN0021,52.27,21043.76,2026-01-28 00:00:00
TXN5384,VIN0021,118.58,21638.81,2026-01-29 00:00:00
TXN7494,VIN0021,84.65,22189.58,2026-01-30 00:00:00
TXN8196,VIN0022,40.4,10486.75,2026-01-01 00:00:00
TXN2590,VIN0022,80.29,11033.44,2026-01-02 00:00:00
TXN6274,VIN0022,72.77,11556.48,2026-01-03 00:00:00
TXN3773,VIN0022,48.51,12059.75,2026-01-04 00:00:00
TXN5401,VIN0022,55.46,12525.19,2026-01-05 00:00:00
TXN9885,VIN0022,115.08,12978.36,2026-01-06 00:00:00
TXN8043,VIN0022,76.13,13472.63,2026-01-07 00:00:00
TXN9116,VIN0022,93.34,13897.49,2026-01-08 00:00:00
TXN8801,VIN0022,60.58,14378.37,2026-01-09 00:00:00
TXN2502,VIN0022,81.65,14722.39,2026-01-10 00:00:00
TXN7202,VIN0022,88.32,14989.94,2026-01-11 00:00:00
TXN2149,VIN0022,80.2,15392.29,2026-01-12 00:00:00
TXN6308,VIN0022,53.29,15956.16,2026-01-13 00:00:00
TXN3925,VIN0022,77.93,16338.28,2026-01-14 00:00:00
TXN2618,VIN0022,111.92,16904.65,2026-01-15 00:00:00
TXN6725,VIN0022,113.53,17167.95,2026-01-16 00:00:00
TXN1916,VIN0022,53.92,17695.86,2026-01-17 00:00:00
TXN9067,VIN0022,92.01,18156.86,2026-01-18 00:00:00
TXN9246,VIN0022,55.61,18604.99,2026-01-19 00:00:00
TXN8380,VIN0022,117.12,18946.19,2026-01-20 00:00:00
TXN4268,VIN0022,88.67,19377.32,2026-01-21 00:00:00
TXN7891,VIN0022,60.61,19858.25,2026-01-22 00:00:00
TXN8293,VIN0022,70.61,20181.14,2026-01-23 00:00:00
TXN1550,VIN0022,112.91,20667.29,2026-01-24 00:00:00
TXN6034,VIN0022,89.8,20875.75,2026-01-25 00:00:00
TXN4226,VIN0022,114.53,21192.18,2026-01-26 00:00:00
TXN7707,VIN0022,90.39,21790.71,2026-01-27 00:00:00
TXN9627,VIN0022,81.47,22385.04,2026-01-28 00:00:00
TXN2647,VIN0022,60.17,22846.03,2026-01-29 00:00:00
TXN6466,VIN0022,67.94,23192.0,2026-01-30 00:00:00
TXN6381,VIN0023,56.67,10584.12,2026-01-01 00:00:00
TXN2563,VIN0023,57.98,11061.24,2026-01-02 00:00:00
TXN3399,VIN0023,99.97,11399.07,2026-01-03 00:00:00
TXN8912,VIN0023,72.91,11827.88,2026-01-04 00:00:00
TXN3321,VIN0023,87.5,12168.0,2026-01-05 00:00:00
TXN8849,VIN0023,100.13,12633.23,2026-01-06 00:00:00
TXN3422,VIN0023,79.17,13046.55,2026-01-07 00:00:00
TXN1619,VIN0023,83.08,13589.6,2026-01-08 00:00:00
TXN3901,VIN0023,83.99,13966.02,2026-01-09 00:00:00
TXN1104,VIN0023,90.81,14371.14,2026-01-10 00:00:00
TXN4099,VIN0023,76.3,14913.13,2026-01-11 00:00:00
TXN9598,VIN0023,94.1,15256.96,2026-01-12 00:00:00
TXN5894,VIN0023,78.68,15505.9,2026-01-13 00:00:00
TXN7263,VIN0023,44.25,15859.93,2026-01-14 00:00:00
TXN5401,VIN0023,87.77,16243.44,2026-01-15 00:00:00
TXN1045,VIN0023,52.97,16495.83,2026-01-16 00:00:00
TXN5737,VIN0023,114.0,16855.48,2026-01-17 00:00:00
TXN5369,VIN0023,91.28,17377.87,2026-01-18 00:00:00
TXN1020,VIN0023,71.27,17929.7,2026-01-19 00:00:00
TXN3145,VIN0023,73.32,18264.48,2026-01-20 00:00:00
TXN2885,VIN0023,49.11,18710.1,2026-01-21 00:00:00
TXN3577,VIN0023,92.45,19263.25,2026-01-22 00:00:00
TXN4948,VIN0023,56.69,19759.33,2026-01-23 00:00:00
TXN6625,VIN0023,97.24,20000.51,2026-01-24 00:00:00
TXN6100,VIN0023,71.1,20327.39,2026-01-25 00:00:00
TXN5377,VIN0023,87.98,20620.66,2026-01-26 00:00:00
TXN5496,VIN0023,99.04,20921.12,2026-01-27 00:00:00
TXN7647,VIN0023,86.24,21271.36,2026-01-28 00:00:00
TXN7539,VIN0023,49.34,21519.43,2026-01-29 00:00:00
TXN9266,VIN0023,60.87,21849.8,2026-01-30 00:00:00
TXN5732,VIN0024,108.69,10533.14,2026-01-01 00:00:00
TXN2325,VIN0024,102.61,10921.12,2026-01-02 00:00:00
TXN2218,VIN0024,100.13,11194.49,2026-01-03 00:00:00
TXN4506,VIN0024,53.31,11471.18,2026-01-04 00:00:00
TXN8676,VIN0024,82.57,11777.88,2026-01-05 00:00:00
TXN5536,VIN0024,79.53,12366.07,2026-01-06 00:00:00
TXN9457,VIN0024,62.59,12700.54,2026-01-07 00:00:00
TXN7863,VIN0024,80.7,12935.96,2026-01-08 00:00:00
TXN7965,VIN0024,55.19,13363.89,2026-01-09 00:00:00
TXN1154,VIN0024,66.72,13869.83,2026-01-10 00:00:00
TXN7660,VIN0024,48.32,14331.36,2026-01-11 00:00:00
TXN1724,VIN0024,44.52,14779.9,2026-01-12 00:00:00
TXN3571,VIN0024,107.37,15216.06,2026-01-13 00:00:00
TXN8536,VIN0024,106.82,15466.64,2026-01-14 00:00:00
TXN7570,VIN0024,112.26,15806.55,2026-01-15 00:00:00
TXN9110,VIN0024,101.78,16232.86,2026-01-16 00:00:00
TXN1049,VIN0024,87.56,16789.17,2026-01-17 00:00:00
TXN4091,VIN0024,46.01,17184.1,2026-01-18 00:00:00
TXN2591,VIN0024,115.74,17751.17,2026-01-19 00:00:00
TXN3199,VIN0024,71.31,18001.79,2026-01-20 00:00:00
TXN6112,VIN0024,47.37,18550.2,2026-01-21 00:00:00
TXN3288,VIN0024,86.07,19042.3,2026-01-22 00:00:00
TXN9125,VIN0024,86.94,19437.94,2026-01-23 00:00:00
TXN3444,VIN0024,43.02,19717.66,2026-01-24 00:00:00
TXN8620,VIN0024,49.89,20280.83,2026-01-25 00:00:00
TXN8180,VIN0024,53.89,20492.92,2026-01-26 00:00:00
TXN1984,VIN0024,77.03,20975.97,2026-01-27 00:00:00
TXN5643,VIN0024,116.14,21384.6,2026-01-28 00:00:00
TXN4618,VIN0024,75.09,21881.33,2026-01-29 00:00:00
TXN8750,VIN0024,46.65,22126.11,2026-01-30 00:00:00
TXN3777,VIN0025,73.03,10263.66,2026-01-01 00:00:00
TXN5629,VIN0025,78.01,10600.31,2026-01-02 00:00:00
TXN6561,VIN0025,68.14,11116.78,2026-01-03 00:00:00
TXN7229,VIN0025,113.01,11383.21,2026-01-04 00:00:00
TXN3862,VIN0025,68.83,11614.11,2026-01-05 00:00:00
TXN3915,VIN0025,100.42,12042.86,2026-01-06 00:00:00
TXN6182,VIN0025,79.44,12381.25,2026-01-07 00:00:00
TXN5210,VIN0025,45.91,12810.69,2026-01-08 00:00:00
TXN8631,VIN0025,102.62,13226.02,2026-01-09 00:00:00
TXN2346,VIN0025,48.85,13715.08,2026-01-10 00:00:00
TXN6073,VIN0025,77.69,14268.67,2026-01-11 00:00:00
TXN6283,VIN0025,96.94,14569.52,2026-01-12 00:00:00
TXN2911,VIN0025,66.47,15045.17,2026-01-13 00:00:00
TXN2658,VIN0025,71.46,15360.03,2026-01-14 00:00:00
TXN5788,VIN0025,78.1,15864.17,2026-01-15 00:00:00
TXN8773,VIN0025,51.05,16203.88,2026-01-16 00:00:00
TXN6983,VIN0025,117.27,16435.23,2026-01-17 00:00:00
TXN5122,VIN0025,71.73,16686.53,2026-01-18 00:00:00
TXN8751,VIN0025,48.93,17146.85,2026-01-19 00:00:00
TXN2793,VIN0025,88.14,17662.56,2026-01-20 00:00:00
TXN2490,VIN0025,47.63,18207.09,2026-01-21 00:00:00
TXN8821,VIN0025,57.95,18620.69,2026-01-22 00:00:00
TXN8723,VIN0025,119.23,19080.41,2026-01-23 00:00:00
TXN1544,VIN0025,82.29,19612.46,2026-01-24 00:00:00
TXN1242,VIN0025,80.84,19924.62,2026-01-25 00:00:00
TXN9452,VIN0025,49.64,20310.52,2026-01-26 00:00:00
TXN3889,VIN0025,102.6,20885.31,2026-01-27 00:00:00
TXN1324,VIN0025,66.96,21303.57,2026-01-28 00:00:00
TXN8181,VIN0025,117.26,21897.91,2026-01-29 00:00:00
TXN2689,VIN0025,88.99,22420.49,2026-01-30 00:00:00
TXN9841,VIN0026,54.04,10465.33,2026-01-01 00:00:00
TXN4244,VIN0026,68.59,10987.87,2026-01-02 00:00:00
TXN7735,VIN0026,81.36,11279.39,2026-01-03 00:00:00
TXN4043,VIN0026,101.01,11836.36,2026-01-04 00:00:00
TXN2593,VIN0026,46.39,12217.42,2026-01-05 00:00:00
TXN9662,VIN0026,40.79,12634.69,2026-01-06 00:00:00
TXN6520,VIN0026,83.65,13155.02,2026-01-07 00:00:00
TXN1615,VIN0026,57.5,13378.39,2026-01-08 00:00:00
TXN5120,VIN0026,60.15,13799.32,2026-01-09 00:00:00
TXN5734,VIN0026,88.88,14273.35,2026-01-10 00:00:00
TXN3663,VIN0026,56.33,14568.82,2026-01-11 00:00:00
TXN1577,VIN0026,63.48,14790.83,2026-01-12 00:00:00
TXN5050,VIN0026,73.26,14994.38,2026-01-13 00:00:00
TXN1555,VIN0026,40.26,15383.61,2026-01-14 00:00:00
TXN1328,VIN0026,77.93,15910.48,2026-01-15 00:00:00
TXN1850,VIN0026,115.28,16348.33,2026-01-16 00:00:00
TXN7353,VIN0026,67.81,16839.71,2026-01-17 00:00:00
TXN8405,VIN0026,82.28,17062.32,2026-01-18 00:00:00
TXN7535,VIN0026,48.01,17469.32,2026-01-19 00:00:00
TXN6301,VIN0026,91.21,17844.95,2026-01-20 00:00:00
TXN6384,VIN0026,101.02,18381.92,2026-01-21 00:00:00
TXN6034,VIN0026,108.61,18725.88,2026-01-22 00:00:00
TXN6053,VIN0026,54.96,19255.14,2026-01-23 00:00:00
TXN9255,VIN0026,115.28,19732.03,2026-01-24 00:00:00
TXN6922,VIN0026,93.0,20244.79,2026-01-25 00:00:00
TXN9831,VIN0026,113.22,20643.52,2026-01-26 00:00:00
TXN8320,VIN0026,109.02,21075.66,2026-01-27 00:00:00
TXN6063,VIN0026,103.9,21535.95,2026-01-28 00:00:00
TXN3686,VIN0026,101.2,21878.13,2026-01-29 00:00:00
TXN6252,VIN0026,102.4,22212.27,2026-01-30 00:00:00
TXN3898,VIN0027,94.47,10325.44,2026-01-01 00:00:00
TXN7788,VIN0027,74.16,10738.48,2026-01-02 00:00:00
TXN5928,VIN0027,93.76,11336.05,2026-01-03 00:00:00
TXN5015,VIN0027,49.87,11720.95,2026-01-04 00:00:00
TXN7653,VIN0027,108.73,12122.25,2026-01-05 00:00:00
TXN4803,VIN0027,40.08,12411.15,2026-01-06 00:00:00
TXN9161,VIN0027,116.12,12706.99,2026-01-07 00:00:00
TXN3690,VIN0027,80.85,12930.8,2026-01-08 00:00:00
TXN9514,VIN0027,113.81,13486.46,2026-01-09 00:00:00
TXN3638,VIN0027,49.17,13947.24,2026-01-10 00:00:00
TXN2983,VIN0027,92.1,14397.57,2026-01-11 00:00:00
TXN8691,VIN0027,47.68,14623.54,2026-01-12 00:00:00
TXN4941,VIN0027,119.58,15170.55,2026-01-13 00:00:00
TXN5834,VIN0027,115.18,15516.04,2026-01-14 00:00:00
TXN2039,VIN0027,97.04,15987.23,2026-01-15 00:00:00
TXN1805,VIN0027,55.43,16287.47,2026-01-16 00:00:00
TXN8132,VIN0027,102.23,16798.22,2026-01-17 00:00:00
TXN1524,VIN0027,110.81,17077.72,2026-01-18 00:00:00
TXN8250,VIN0027,44.12,17571.46,2026-01-19 00:00:00
TXN1031,VIN0027,82.01,18125.52,2026-01-20 00:00:00
TXN3800,VIN0027,57.15,18718.46,2026-01-21 00:00:00
TXN6363,VIN0027,97.06,18927.1,2026-01-22 00:00:00
TXN8347,VIN0027,107.61,19334.14,2026-01-23 00:00:00
TXN1193,VIN0027,64.94,19677.1,2026-01-24 00:00:00
TXN7259,VIN0027,69.37,20042.93,2026-01-25 00:00:00
TXN5931,VIN0027,45.25,20488.59,2026-01-26 00:00:00
TXN9003,VIN0027,104.95,20920.52,2026-01-27 00:00:00
TXN9164,VIN0027,61.54,21450.81,2026-01-28 00:00:00
TXN6431,VIN0027,110.3,21820.91,2026-01-29 00:00:00
TXN5390,VIN0027,68.97,22061.95,2026-01-30 00:00:00
TXN3588,VIN0028,80.54,10366.25,2026-01-01 00:00:00
TXN9378,VIN0028,112.25,10911.26,2026-01-02 00:00:00
TXN4763,VIN0028,41.89,11365.47,2026-01-03 00:00:00
TXN4377,VIN0028,115.86,11702.51,2026-01-04 00:00:00
TXN8307,VIN0028,49.27,12064.5,2026-01-05 00:00:00
TXN8734,VIN0028,71.79,12617.29,2026-01-06 00:00:00
TXN3140,VIN0028,70.11,12837.89,2026-01-07 00:00:00
TXN3839,VIN0028,71.36,13131.17,2026-01-08 00:00:00
TXN4877,VIN0028,72.52,13720.75,2026-01-09 00:00:00
TXN3062,VIN0028,109.72,14284.27,2026-01-10 00:00:00
TXN2163,VIN0028,111.89,14709.87,2026-01-11 00:00:00
TXN3423,VIN0028,41.52,15007.8,2026-01-12 00:00:00
TXN1795,VIN0028,106.95,15507.77,2026-01-13 00:00:00
TXN1599,VIN0028,65.49,15744.0,2026-01-14 00:00:00
TXN7457,VIN0028,43.06,15977.71,2026-01-15 00:00:00
TXN6775,VIN0028,88.63,16275.96,2026-01-16 00:00:00
TXN2905,VIN0028,60.64,16576.37,2026-01-17 00:00:00
TXN4677,VIN0028,104.99,17113.37,2026-01-18 00:00:00
TXN2224,VIN0028,73.86,17699.15,2026-01-19 00:00:00
TXN1462,VIN0028,46.06,18006.2,2026-01-20 00:00:00
TXN7771,VIN0028,119.7,18315.71,2026-01-21 00:00:00
TXN1528,VIN0028,106.48,18730.35,2026-01-22 00:00:00
TXN4134,VIN0028,84.76,19315.38,2026-01-23 00:00:00
TXN8045,VIN0028,55.6,19676.43,2026-01-24 00:00:00
TXN7591,VIN0028,72.44,19917.91,2026-01-25 00:00:00
TXN6853,VIN0028,58.29,20347.55,2026-01-26 00:00:00
TXN1091,VIN0028,96.01,20795.06,2026-01-27 00:00:00
TXN4820,VIN0028,90.4,21354.01,2026-01-28 00:00:00
TXN1899,VIN0028,92.73,21848.17,2026-01-29 00:00:00
TXN9906,VIN0028,51.41,22266.23,2026-01-30 00:00:00
TXN7085,VIN0029,65.12,10415.48,2026-01-01 00:00:00
TXN9406,VIN0029,98.1,10867.72,2026-01-02 00:00:00
TXN4848,VIN0029,52.08,11229.04,2026-01-03 00:00:00
TXN3097,VIN0029,110.24,11440.05,2026-01-04 00:00:00
TXN3208,VIN0029,83.2,11669.94,2026-01-05 00:00:00
TXN7506,VIN0029,54.23,12145.26,2026-01-06 00:00:00
TXN4850,VIN0029,59.35,12348.83,2026-01-07 00:00:00
TXN8040,VIN0029,96.1,12599.21,2026-01-08 00:00:00
TXN9641,VIN0029,60.01,12806.76,2026-01-09 00:00:00
TXN6417,VIN0029,60.28,13307.62,2026-01-10 00:00:00
TXN8473,VIN0029,72.99,13687.56,2026-01-11 00:00:00
TXN6916,VIN0029,58.6,14251.19,2026-01-12 00:00:00
TXN6960,VIN0029,63.17,14738.11,2026-01-13 00:00:00
TXN8533,VIN0029,82.35,14996.17,2026-01-14 00:00:00
TXN6749,VIN0029,66.65,15507.56,2026-01-15 00:00:00
TXN8953,VIN0029,115.66,16068.05,2026-01-16 00:00:00
TXN9214,VIN0029,62.45,16546.61,2026-01-17 00:00:00
TXN3628,VIN0029,90.93,17027.55,2026-01-18 00:00:00
TXN8404,VIN0029,56.83,17606.31,2026-01-19 00:00:00
TXN7599,VIN0029,90.85,17977.98,2026-01-20 00:00:00
TXN8048,VIN0029,51.66,18438.16,2026-01-21 00:00:00
TXN9509,VIN0029,117.23,18730.35,2026-01-22 00:00:00
TXN3829,VIN0029,58.7,19009.63,2026-01-23 00:00:00
TXN8090,VIN0029,111.3,19490.84,2026-01-24 00:00:00
TXN6706,VIN0029,55.73,19715.8,2026-01-25 00:00:00
TXN2137,VIN0029,52.35,20140.24,2026-01-26 00:00:00
TXN4864,VIN0029,112.19,20501.04,2026-01-27 00:00:00
TXN7838,VIN0029,47.65,20714.6,2026-01-28 00:00:00
TXN5974,VIN0029,66.14,21189.6,2026-01-29 00:00:00
TXN4832,VIN0029,48.36,21711.27,2026-01-30 00:00:00
TXN9769,VIN0030,64.88,10405.45,2026-01-01 00:00:00
TXN1985,VIN0030,114.43,10621.86,2026-01-02 00:00:00
TXN4941,VIN0030,80.21,10982.62,2026-01-03 00:00:00
TXN9231,VIN0030,55.41,11413.21,2026-01-04 00:00:00
TXN1325,VIN0030,113.79,11972.11,2026-01-05 00:00:00
TXN9106,VIN0030,92.85,12446.54,2026-01-06 00:00:00
TXN1594,VIN0030,86.6,12768.71,2026-01-07 00:00:00
TXN5363,VIN0030,45.86,13317.66,2026-01-08 00:00:00
TXN6060,VIN0030,44.42,13879.98,2026-01-09 00:00:00
TXN4179,VIN0030,50.84,14382.39,2026-01-10 00:00:00
TXN5647,VIN0030,57.34,14795.05,2026-01-11 00:00:00
TXN5827,VIN0030,68.86,15142.79,2026-01-12 00:00:00
TXN1781,VIN0030,88.89,15548.81,2026-01-13 00:00:00
TXN4921,VIN0030,82.04,15779.72,2026-01-14 00:00:00
TXN2326,VIN0030,40.72,16198.03,2026-01-15 00:00:00
TXN1955,VIN0030,112.22,16708.41,2026-01-16 00:00:00
TXN7464,VIN0030,94.18,17219.84,2026-01-17 00:00:00
TXN1916,VIN0030,78.62,17633.45,2026-01-18 00:00:00
TXN5408,VIN0030,118.81,18048.83,2026-01-19 00:00:00
TXN9943,VIN0030,84.03,18450.23,2026-01-20 00:00:00
TXN7600,VIN0030,41.14,18970.45,2026-01-21 00:00:00
TXN8255,VIN0030,88.77,19448.05,2026-01-22 00:00:00
TXN2746,VIN0030,69.53,19724.95,2026-01-23 00:00:00
TXN4704,VIN0030,92.3,20107.73,2026-01-24 00:00:00
TXN9917,VIN0030,104.08,20499.71,2026-01-25 00:00:00
TXN5766,VIN0030,70.63,20904.35,2026-01-26 00:00:00
TXN3889,VIN0030,117.05,21278.58,2026-01-27 00:00:00
TXN9259,VIN0030,84.87,21603.56,2026-01-28 00:00:00
TXN9087,VIN0030,55.98,22125.96,2026-01-29 00:00:00
TXN4899,VIN0030,91.08,22518.79,2026-01-30 00:00:00
TXN6763,VIN0031,81.71,10519.05,2026-01-01 00:00:00
TXN1477,VIN0031,96.85,10946.82,2026-01-02 00:00:00
TXN2272,VIN0031,46.39,11533.11,2026-01-03 00:00:00
TXN4705,VIN0031,103.35,11783.69,2026-01-04 00:00:00
TXN1107,VIN0031,111.81,12047.45,2026-01-05 00:00:00
TXN2661,VIN0031,59.14,12433.56,2026-01-06 00:00:00
TXN3300,VIN0031,108.19,12832.16,2026-01-07 00:00:00
TXN3874,VIN0031,84.48,13360.56,2026-01-08 00:00:00
TXN5817,VIN0031,46.93,13752.67,2026-01-09 00:00:00
TXN4025,VIN0031,67.18,14172.62,2026-01-10 00:00:00
TXN2449,VIN0031,83.47,14405.51,2026-01-11 00:00:00
TXN9525,VIN0031,80.8,14870.32,2026-01-12 00:00:00
TXN1651,VIN0031,65.7,15268.4,2026-01-13 00:00:00
TXN4671,VIN0031,77.66,15779.82,2026-01-14 00:00:00
TXN3518,VIN0031,55.96,16280.67,2026-01-15 00:00:00
TXN5184,VIN0031,94.35,16780.61,2026-01-16 00:00:00
TXN1402,VIN0031,60.43,17241.93,2026-01-17 00:00:00
TXN1711,VIN0031,65.09,17705.31,2026-01-18 00:00:00
TXN1995,VIN0031,67.15,18029.38,2026-01-19 00:00:00
TXN5208,VIN0031,84.46,18329.58,2026-01-20 00:00:00
TXN3555,VIN0031,108.29,18603.74,2026-01-21 00:00:00
TXN7476,VIN0031,104.93,19139.55,2026-01-22 00:00:00
TXN8360,VIN0031,79.24,19444.45,2026-01-23 00:00:00
TXN6014,VIN0031,91.71,19901.72,2026-01-24 00:00:00
TXN9378,VIN0031,116.75,20340.95,2026-01-25 00:00:00
TXN4848,VIN0031,115.14,20724.91,2026-01-26 00:00:00
TXN5844,VIN0031,78.6,21190.76,2026-01-27 00:00:00
TXN8337,VIN0031,69.99,21584.84,2026-01-28 00:00:00
TXN1611,VIN0031,108.47,22124.37,2026-01-29 00:00:00
TXN8377,VIN0031,95.66,22427.62,2026-01-30 00:00:00
TXN9109,VIN0032,111.31,10577.19,2026-01-01 00:00:00
TXN2136,VIN0032,94.07,11129.82,2026-01-02 00:00:00
TXN7853,VIN0032,63.55,11487.47,2026-01-03 00:00:00
TXN6689,VIN0032,64.01,11891.94,2026-01-04 00:00:00
TXN6996,VIN0032,64.16,12365.03,2026-01-05 00:00:00
TXN1162,VIN0032,101.31,12724.07,2026-01-06 00:00:00
TXN3752,VIN0032,68.92,13126.75,2026-01-07 00:00:00
TXN2497,VIN0032,56.01,13571.31,2026-01-08 00:00:00
TXN7650,VIN0032,43.45,14149.22,2026-01-09 00:00:00
TXN7867,VIN0032,116.31,14480.4,2026-01-10 00:00:00
TXN5358,VIN0032,93.42,14926.63,2026-01-11 00:00:00
TXN2863,VIN0032,113.4,15191.68,2026-01-12 00:00:00
TXN7483,VIN0032,82.83,15452.14,2026-01-13 00:00:00
TXN2985,VIN0032,59.15,15736.39,2026-01-14 00:00:00
TXN4937,VIN0032,51.66,16195.17,2026-01-15 00:00:00
TXN8916,VIN0032,114.33,16409.25,2026-01-16 00:00:00
TXN6417,VIN0032,76.14,16763.69,2026-01-17 00:00:00
TXN3759,VIN0032,51.81,17265.96,2026-01-18 00:00:00
TXN9567,VIN0032,91.8,17695.35,2026-01-19 00:00:00
TXN2067,VIN0032,53.57,18189.25,2026-01-20 00:00:00
TXN8773,VIN0032,90.96,18575.3,2026-01-21 00:00:00
TXN4595,VIN0032,54.45,18881.09,2026-01-22 00:00:00
TXN3068,VIN0032,58.22,19229.03,2026-01-23 00:00:00
TXN5882,VIN0032,66.56,19620.7,2026-01-24 00:00:00
TXN6089,VIN0032,63.1,19964.79,2026-01-25 00:00:00
TXN3511,VIN0032,76.87,20354.22,2026-01-26 00:00:00
TXN7667,VIN0032,115.97,20714.83,2026-01-27 00:00:00
TXN7984,VIN0032,109.7,21253.92,2026-01-28 00:00:00
TXN5126,VIN0032,83.33,21827.46,2026-01-29 00:00:00
TXN5036,VIN0032,113.58,22206.87,2026-01-30 00:00:00
TXN6436,VIN0033,84.58,10240.58,2026-01-01 00:00:00
TXN7205,VIN0033,78.51,10688.85,2026-01-02 00:00:00
TXN6221,VIN0033,41.66,11133.89,2026-01-03 00:00:00
TXN6074,VIN0033,44.44,11572.01,2026-01-04 00:00:00
TXN5643,VIN0033,85.41,11915.5,2026-01-05 00:00:00
TXN6631,VIN0033,95.92,12124.26,2026-01-06 00:00:00
TXN2762,VIN0033,52.53,12526.31,2026-01-07 00:00:00
TXN1056,VIN0033,92.47,13074.47,2026-01-08 00:00:00
TXN3343,VIN0033,75.37,13542.76,2026-01-09 00:00:00
TXN3497,VIN0033,51.28,13933.76,2026-01-10 00:00:00
TXN8223,VIN0033,75.31,14249.24,2026-01-11 00:00:00
TXN2524,VIN0033,43.69,14527.33,2026-01-12 00:00:00
TXN9952,VIN0033,74.5,14984.37,2026-01-13 00:00:00
TXN6819,VIN0033,93.76,15184.53,2026-01-14 00:00:00
TXN7859,VIN0033,100.84,15410.83,2026-01-15 00:00:00
TXN3934,VIN0033,45.14,15915.8,2026-01-16 00:00:00
TXN5722,VIN0033,66.26,16256.11,2026-01-17 00:00:00
TXN7701,VIN0033,87.9,16775.54,2026-01-18 00:00:00
TXN1647,VIN0033,110.32,17050.65,2026-01-19 00:00:00
TXN2671,VIN0033,99.41,17568.34,2026-01-20 00:00:00
TXN7880,VIN0033,85.45,17970.76,2026-01-21 00:00:00
TXN8808,VIN0033,80.49,18247.67,2026-01-22 00:00:00
TXN3908,VIN0033,44.85,18786.56,2026-01-23 00:00:00
TXN7504,VIN0033,110.84,19240.49,2026-01-24 00:00:00
TXN1028,VIN0033,101.5,19537.33,2026-01-25 00:00:00
TXN4382,VIN0033,61.91,19926.11,2026-01-26 00:00:00
TXN4183,VIN0033,105.71,20316.4,2026-01-27 00:00:00
TXN3698,VIN0033,92.87,20896.16,2026-01-28 00:00:00
TXN5972,VIN0033,106.9,21403.97,2026-01-29 00:00:00
TXN4221,VIN0033,80.42,21886.18,2026-01-30 00:00:00
TXN5913,VIN0034,91.13,10435.43,2026-01-01 00:00:00
TXN3579,VIN0034,45.79,10769.53,2026-01-02 00:00:00
TXN3548,VIN0034,73.56,11067.21,2026-01-03 00:00:00
TXN8731,VIN0034,95.8,11300.48,2026-01-04 00:00:00
TXN1533,VIN0034,42.52,11829.01,2026-01-05 00:00:00
TXN6881,VIN0034,54.05,12078.15,2026-01-06 00:00:00
TXN8619,VIN0034,106.42,12616.58,2026-01-07 00:00:00
TXN1311,VIN0034,86.5,13167.68,2026-01-08 00:00:00
TXN6276,VIN0034,72.92,13439.9,2026-01-09 00:00:00
TXN7308,VIN0034,66.03,13707.9,2026-01-10 00:00:00
TXN3918,VIN0034,52.96,14179.37,2026-01-11 00:00:00
TXN5405,VIN0034,119.12,14720.54,2026-01-12 00:00:00
TXN9893,VIN0034,111.04,15187.6,2026-01-13 00:00:00
TXN4768,VIN0034,116.87,15677.49,2026-01-14 00:00:00
TXN8120,VIN0034,60.28,16219.29,2026-01-15 00:00:00
TXN8389,VIN0034,64.12,16566.6,2026-01-16 00:00:00
TXN9361,VIN0034,85.16,17098.66,2026-01-17 00:00:00
TXN7194,VIN0034,57.02,17695.83,2026-01-18 00:00:00
TXN8973,VIN0034,53.54,17935.49,2026-01-19 00:00:00
TXN1114,VIN0034,74.91,18223.15,2026-01-20 00:00:00
TXN7881,VIN0034,70.75,18666.07,2026-01-21 00:00:00
TXN7733,VIN0034,49.93,19134.78,2026-01-22 00:00:00
TXN6488,VIN0034,45.65,19658.59,2026-01-23 00:00:00
TXN7186,VIN0034,99.81,19892.6,2026-01-24 00:00:00
TXN5929,VIN0034,51.02,20473.19,2026-01-25 00:00:00
TXN8367,VIN0034,106.31,20858.95,2026-01-26 00:00:00
TXN9011,VIN0034,97.11,21136.79,2026-01-27 00:00:00
TXN3646,VIN0034,40.12,21569.13,2026-01-28 00:00:00
TXN8455,VIN0034,114.49,22165.74,2026-01-29 00:00:00
TXN2758,VIN0034,48.92,22458.94,2026-01-30 00:00:00
TXN1934,VIN0035,80.3,10270.72,2026-01-01 00:00:00
TXN8808,VIN0035,95.52,10552.2,2026-01-02 00:00:00
TXN3411,VIN0035,68.87,10799.05,2026-01-03 00:00:00
TXN2570,VIN0035,48.64,11062.43,2026-01-04 00:00:00
TXN8752,VIN0035,48.68,11425.38,2026-01-05 00:00:00
TXN9920,VIN0035,90.27,11911.31,2026-01-06 00:00:00
TXN1307,VIN0035,58.91,12276.51,2026-01-07 00:00:00
TXN9634,VIN0035,100.61,12501.8,2026-01-08 00:00:00
TXN5742,VIN0035,54.16,13015.84,2026-01-09 00:00:00
TXN8919,VIN0035,119.55,13439.12,2026-01-10 00:00:00
TXN8266,VIN0035,70.22,14012.68,2026-01-11 00:00:00
TXN8460,VIN0035,45.36,14410.9,2026-01-12 00:00:00
TXN8316,VIN0035,40.05,14873.27,2026-01-13 00:00:00
TXN4786,VIN0035,86.94,15329.61,2026-01-14 00:00:00
TXN9328,VIN0035,57.51,15611.1,2026-01-15 00:00:00
TXN4752,VIN0035,95.98,16075.35,2026-01-16 00:00:00
TXN2942,VIN0035,77.33,16438.82,2026-01-17 00:00:00
TXN4944,VIN0035,70.17,17008.95,2026-01-18 00:00:00
TXN3337,VIN0035,101.01,17214.3,2026-01-19 00:00:00
TXN7912,VIN0035,86.27,17747.46,2026-01-20 00:00:00
TXN7733,VIN0035,96.95,18216.93,2026-01-21 00:00:00
TXN5141,VIN0035,75.18,18651.95,2026-01-22 00:00:00
TXN6650,VIN0035,58.08,19063.4,2026-01-23 00:00:00
TXN2797,VIN0035,106.88,19336.9,2026-01-24 00:00:00
TXN7241,VIN0035,108.41,19785.9,2026-01-25 00:00:00
TXN9267,VIN0035,79.32,20350.78,2026-01-26 00:00:00
TXN6143,VIN0035,83.42,20555.5,2026-01-27 00:00:00
TXN5778,VIN0035,79.32,21045.8,2026-01-28 00:00:00
TXN1674,VIN0035,73.62,21249.61,2026-01-29 00:00:00
TXN1558,VIN0035,59.27,21677.97,2026-01-30 00:00:00
TXN4165,VIN0036,43.62,10324.7,2026-01-01 00:00:00
TXN5856,VIN0036,96.89,10782.89,2026-01-02 00:00:00
TXN7502,VIN0036,78.36,11092.09,2026-01-03 00:00:00
TXN4997,VIN0036,79.17,11395.03,2026-01-04 00:00:00
TXN7493,VIN0036,85.35,11852.1,2026-01-05 00:00:00
TXN6512,VIN0036,51.26,12230.05,2026-01-06 00:00:00
TXN5320,VIN0036,110.68,12651.39,2026-01-07 00:00:00
TXN7122,VIN0036,104.6,13071.23,2026-01-08 00:00:00
TXN6543,VIN0036,117.2,13557.96,2026-01-09 00:00:00
TXN4259,VIN0036,76.75,14073.35,2026-01-10 00:00:00
TXN3547,VIN0036,57.84,14368.29,2026-01-11 00:00:00
TXN3318,VIN0036,117.62,14652.74,2026-01-12 00:00:00
TXN1986,VIN0036,79.5,15233.95,2026-01-13 00:00:00
TXN4742,VIN0036,61.75,15608.42,2026-01-14 00:00:00
TXN2662,VIN0036,94.84,15892.6,2026-01-15 00:00:00
TXN2426,VIN0036,118.16,16101.43,2026-01-16 00:00:00
TXN1514,VIN0036,72.28,16645.24,2026-01-17 00:00:00
TXN6812,VIN0036,97.42,17151.27,2026-01-18 00:00:00
TXN8355,VIN0036,102.21,17558.15,2026-01-19 00:00:00
TXN4977,VIN0036,66.97,17772.1,2026-01-20 00:00:00
TXN7035,VIN0036,62.46,18170.68,2026-01-21 00:00:00
TXN5045,VIN0036,61.72,18379.59,2026-01-22 00:00:00
TXN4498,VIN0036,71.2,18618.62,2026-01-23 00:00:00
TXN9140,VIN0036,46.83,19154.57,2026-01-24 00:00:00
TXN4737,VIN0036,81.58,19591.36,2026-01-25 00:00:00
TXN9280,VIN0036,62.67,19962.49,2026-01-26 00:00:00
TXN3286,VIN0036,77.51,20548.35,2026-01-27 00:00:00
TXN3812,VIN0036,68.38,21027.17,2026-01-28 00:00:00
TXN8352,VIN0036,76.87,21582.98,2026-01-29 00:00:00
TXN6886,VIN0036,59.65,22173.08,2026-01-30 00:00:00
TXN4657,VIN0037,83.62,10413.1,2026-01-01 00:00:00
TXN8456,VIN0037,80.07,10948.56,2026-01-02 00:00:00
TXN1034,VIN0037,43.25,11218.75,2026-01-03 00:00:00
TXN3901,VIN0037,60.55,11562.15,2026-01-04 00:00:00
TXN6522,VIN0037,105.18,12024.59,2026-01-05 00:00:00
TXN6459,VIN0037,104.34,12258.06,2026-01-06 00:00:00
TXN4451,VIN0037,73.38,12466.54,2026-01-07 00:00:00
TXN5600,VIN0037,67.37,12708.79,2026-01-08 00:00:00
TXN6253,VIN0037,93.28,13034.89,2026-01-09 00:00:00
TXN6554,VIN0037,102.39,13346.6,2026-01-10 00:00:00
TXN1568,VIN0037,88.25,13865.01,2026-01-11 00:00:00
TXN4646,VIN0037,91.81,14234.32,2026-01-12 00:00:00
TXN9261,VIN0037,72.17,14515.62,2026-01-13 00:00:00
TXN7605,VIN0037,68.21,14721.58,2026-01-14 00:00:00
TXN5501,VIN0037,105.03,15096.04,2026-01-15 00:00:00
TXN4409,VIN0037,60.72,15448.35,2026-01-16 00:00:00
TXN2402,VIN0037,60.73,15796.78,2026-01-17 00:00:00
TXN5884,VIN0037,49.89,16391.79,2026-01-18 00:00:00
TXN9336,VIN0037,88.67,16611.41,2026-01-19 00:00:00
TXN2182,VIN0037,96.24,17052.3,2026-01-20 00:00:00
TXN8539,VIN0037,41.76,17343.98,2026-01-21 00:00:00
TXN7391,VIN0037,85.53,17682.05,2026-01-22 00:00:00
TXN5419,VIN0037,111.91,18040.89,2026-01-23 00:00:00
TXN8239,VIN0037,66.27,18309.87,2026-01-24 00:00:00
TXN6312,VIN0037,66.13,18624.84,2026-01-25 00:00:00
TXN1332,VIN0037,108.26,19092.18,2026-01-26 00:00:00
TXN1088,VIN0037,106.22,19548.41,2026-01-27 00:00:00
TXN4767,VIN0037,75.92,19960.95,2026-01-28 00:00:00
TXN1333,VIN0037,84.28,20526.52,2026-01-29 00:00:00
TXN5032,VIN0037,85.2,21069.42,2026-01-30 00:00:00
TXN2546,VIN0038,87.06,10532.93,2026-01-01 00:00:00
TXN5147,VIN0038,109.5,10841.76,2026-01-02 00:00:00
TXN6487,VIN0038,52.83,11358.74,2026-01-03 00:00:00
TXN7073,VIN0038,107.5,11653.61,2026-01-04 00:00:00
TXN7738,VIN0038,115.55,12003.78,2026-01-05 00:00:00
TXN8822,VIN0038,94.05,12231.27,2026-01-06 00:00:00
TXN4337,VIN0038,86.19,12652.23,2026-01-07 00:00:00
TXN4132,VIN0038,109.47,13108.23,2026-01-08 00:00:00
TXN9225,VIN0038,76.96,13584.55,2026-01-09 00:00:00
TXN3471,VIN0038,106.43,13892.78,2026-01-10 00:00:00
TXN8942,VIN0038,103.69,14455.09,2026-01-11 00:00:00
TXN9168,VIN0038,63.28,14808.64,2026-01-12 00:00:00
TXN9555,VIN0038,90.34,15345.14,2026-01-13 00:00:00
TXN3522,VIN0038,51.51,15683.3,2026-01-14 00:00:00
TXN6070,VIN0038,71.79,16018.77,2026-01-15 00:00:00
TXN8859,VIN0038,89.01,16387.24,2026-01-16 00:00:00
TXN3595,VIN0038,57.56,16869.22,2026-01-17 00:00:00
TXN4871,VIN0038,79.58,17145.11,2026-01-18 00:00:00
TXN6153,VIN0038,72.31,17740.31,2026-01-19 00:00:00
TXN6142,VIN0038,45.82,18248.35,2026-01-20 00:00:00
TXN4482,VIN0038,62.03,18631.91,2026-01-21 00:00:00
TXN7350,VIN0038,103.28,19006.07,2026-01-22 00:00:00
TXN1187,VIN0038,78.14,19541.03,2026-01-23 00:00:00
TXN4755,VIN0038,66.26,20012.96,2026-01-24 00:00:00
TXN6407,VIN0038,81.05,20578.91,2026-01-25 00:00:00
TXN5487,VIN0038,63.82,20908.72,2026-01-26 00:00:00
TXN7833,VIN0038,61.72,21113.75,2026-01-27 00:00:00
TXN1336,VIN0038,48.39,21478.34,2026-01-28 00:00:00
TXN9548,VIN0038,93.11,21848.18,2026-01-29 00:00:00
TXN5431,VIN0038,70.94,22343.69,2026-01-30 00:00:00
TXN4543,VIN0039,116.81,10381.65,2026-01-01 00:00:00
TXN9832,VIN0039,105.59,10952.93,2026-01-02 00:00:00
TXN5388,VIN0039,49.87,11332.37,2026-01-03 00:00:00
TXN1978,VIN0039,59.24,11698.53,2026-01-04 00:00:00
TXN6944,VIN0039,110.77,12001.58,2026-01-05 00:00:00
TXN9594,VIN0039,64.5,12286.43,2026-01-06 00:00:00
TXN8759,VIN0039,107.59,12614.4,2026-01-07 00:00:00
TXN9880,VIN0039,99.88,12814.6,2026-01-08 00:00:00
TXN2042,VIN0039,73.0,13264.08,2026-01-09 00:00:00
TXN5100,VIN0039,75.13,13709.24,2026-01-10 00:00:00
TXN4489,VIN0039,118.94,14045.72,2026-01-11 00:00:00
TXN8669,VIN0039,98.52,14368.45,2026-01-12 00:00:00
TXN6959,VIN0039,112.09,14831.37,2026-01-13 00:00:00
TXN4541,VIN0039,49.78,15352.28,2026-01-14 00:00:00
TXN7454,VIN0039,113.65,15607.73,2026-01-15 00:00:00
TXN7739,VIN0039,114.85,15881.91,2026-01-16 00:00:00
TXN7071,VIN0039,47.07,16391.6,2026-01-17 00:00:00
TXN7172,VIN0039,72.86,16968.35,2026-01-18 00:00:00
TXN8132,VIN0039,90.35,17474.12,2026-01-19 00:00:00
TXN4668,VIN0039,80.74,17799.74,2026-01-20 00:00:00
TXN6142,VIN0039,64.15,18234.31,2026-01-21 00:00:00
TXN3399,VIN0039,82.74,18832.67,2026-01-22 00:00:00
TXN9096,VIN0039,73.23,19219.32,2026-01-23 00:00:00
TXN2308,VIN0039,75.09,19762.56,2026-01-24 00:00:00
TXN2480,VIN0039,58.83,20107.52,2026-01-25 00:00:00
TXN7298,VIN0039,83.89,20372.59,2026-01-26 00:00:00
TXN3706,VIN0039,51.08,20598.48,2026-01-27 00:00:00
TXN1793,VIN0039,101.8,20860.25,2026-01-28 00:00:00
TXN2636,VIN0039,91.18,21137.94,2026-01-29 00:00:00
TXN3094,VIN0039,108.66,21633.07,2026-01-30 00:00:00
TXN7324,VIN0040,83.33,10204.85,2026-01-01 00:00:00
TXN6892,VIN0040,74.35,10589.01,2026-01-02 00:00:00
TXN1325,VIN0040,108.87,10869.42,2026-01-03 00:00:00
TXN4760,VIN0040,48.12,11330.48,2026-01-04 00:00:00
TXN5415,VIN0040,62.06,11535.61,2026-01-05 00:00:00
TXN7952,VIN0040,45.87,12036.89,2026-01-06 00:00:00
TXN2247,VIN0040,97.07,12381.29,2026-01-07 00:00:00
TXN6796,VIN0040,102.21,12778.4,2026-01-08 00:00:00
TXN8196,VIN0040,77.23,13373.3,2026-01-09 00:00:00
TXN7180,VIN0040,76.91,13828.71,2026-01-10 00:00:00
TXN9845,VIN0040,41.47,14089.5,2026-01-11 00:00:00
TXN5428,VIN0040,45.77,14467.13,2026-01-12 00:00:00
TXN1610,VIN0040,57.4,14702.18,2026-01-13 00:00:00
TXN2091,VIN0040,65.85,14902.26,2026-01-14 00:00:00
TXN8114,VIN0040,102.49,15159.7,2026-01-15 00:00:00
TXN8682,VIN0040,117.58,15635.47,2026-01-16 00:00:00
TXN7150,VIN0040,49.81,16110.14,2026-01-17 00:00:00
TXN6457,VIN0040,74.51,16684.44,2026-01-18 00:00:00
TXN5078,VIN0040,60.84,17146.49,2026-01-19 00:00:00
TXN1275,VIN0040,91.71,17545.07,2026-01-20 00:00:00
TXN7678,VIN0040,83.88,17807.12,2026-01-21 00:00:00
TXN6583,VIN0040,57.93,18075.84,2026-01-22 00:00:00
TXN7437,VIN0040,87.59,18284.94,2026-01-23 00:00:00
TXN7124,VIN0040,83.1,18713.93,2026-01-24 00:00:00
TXN3380,VIN0040,102.51,19086.81,2026-01-25 00:00:00
TXN1780,VIN0040,105.3,19333.01,2026-01-26 00:00:00
TXN4076,VIN0040,97.55,19687.74,2026-01-27 00:00:00
TXN4507,VIN0040,82.32,19903.5,2026-01-28 00:00:00
TXN5557,VIN0040,67.44,20343.01,2026-01-29 00:00:00
TXN3242,VIN0040,47.79,20597.2,2026-01-30 00:00:00
TXN9540,VIN0041,68.05,10457.87,2026-01-01 00:00:00
TXN6764,VIN0041,69.8,11051.53,2026-01-02 00:00:00
TXN8995,VIN0041,71.24,11387.51,2026-01-03 00:00:00
TXN4194,VIN0041,110.41,11619.83,2026-01-04 00:00:00
TXN6420,VIN0041,91.25,12124.22,2026-01-05 00:00:00
TXN5545,VIN0041,94.98,12719.18,2026-01-06 00:00:00
TXN8411,VIN0041,55.43,12940.44,2026-01-07 00:00:00
TXN6499,VIN0041,119.37,13526.6,2026-01-08 00:00:00
TXN7182,VIN0041,49.25,14008.99,2026-01-09 00:00:00
TXN6229,VIN0041,76.44,14486.28,2026-01-10 00:00:00
TXN9466,VIN0041,96.47,14815.96,2026-01-11 00:00:00
TXN6750,VIN0041,83.23,15268.71,2026-01-12 00:00:00
TXN1057,VIN0041,89.21,15820.43,2026-01-13 00:00:00
TXN5670,VIN0041,96.06,16101.49,2026-01-14 00:00:00
TXN2074,VIN0041,44.74,16437.96,2026-01-15 00:00:00
TXN7933,VIN0041,61.66,17025.14,2026-01-16 00:00:00
TXN9867,VIN0041,53.89,17227.36,2026-01-17 00:00:00
TXN7070,VIN0041,82.3,17454.0,2026-01-18 00:00:00
TXN7214,VIN0041,98.11,17707.37,2026-01-19 00:00:00
TXN6931,VIN0041,51.13,18093.65,2026-01-20 00:00:00
TXN3968,VIN0041,41.69,18522.48,2026-01-21 00:00:00
TXN5733,VIN0041,109.52,19038.32,2026-01-22 00:00:00
TXN4441,VIN0041,66.99,19581.32,2026-01-23 00:00:00
TXN1941,VIN0041,71.45,20144.63,2026-01-24 00:00:00
TXN5534,VIN0041,90.54,20705.39,2026-01-25 00:00:00
TXN7950,VIN0041,56.05,21238.69,2026-01-26 00:00:00
TXN6091,VIN0041,83.98,21674.95,2026-01-27 00:00:00
TXN5453,VIN0041,104.69,22118.65,2026-01-28 00:00:00
TXN1829,VIN0041,53.24,22345.12,2026-01-29 00:00:00
TXN2783,VIN0041,78.26,22924.06,2026-01-30 00:00:00
TXN6481,VIN0042,98.3,10311.51,2026-01-01 00:00:00
TXN6163,VIN0042,94.79,10724.84,2026-01-02 00:00:00
TXN3825,VIN0042,57.99,11209.55,2026-01-03 00:00:00
TXN1723,VIN0042,100.52,11417.67,2026-01-04 00:00:00
TXN8912,VIN0042,44.11,11919.37,2026-01-05 00:00:00
TXN2237,VIN0042,58.34,12411.31,2026-01-06 00:00:00
TXN2892,VIN0042,55.37,12736.01,2026-01-07 00:00:00
TXN3317,VIN0042,54.47,13241.05,2026-01-08 00:00:00
TXN4632,VIN0042,92.39,13563.76,2026-01-09 00:00:00
TXN5611,VIN0042,114.09,13968.01,2026-01-10 00:00:00
TXN2547,VIN0042,94.07,14262.35,2026-01-11 00:00:00
TXN9653,VIN0042,64.31,14520.14,2026-01-12 00:00:00
TXN8624,VIN0042,45.17,15033.11,2026-01-13 00:00:00
TXN2492,VIN0042,113.49,15257.63,2026-01-14 00:00:00
TXN3170,VIN0042,45.48,15501.75,2026-01-15 00:00:00
TXN5184,VIN0042,100.34,15994.68,2026-01-16 00:00:00
TXN9230,VIN0042,42.65,16561.89,2026-01-17 00:00:00
TXN5704,VIN0042,80.04,16937.15,2026-01-18 00:00:00
TXN3423,VIN0042,75.14,17286.62,2026-01-19 00:00:00
TXN1306,VIN0042,44.99,17798.14,2026-01-20 00:00:00
TXN5996,VIN0042,115.91,18271.31,2026-01-21 00:00:00
TXN7430,VIN0042,86.03,18770.91,2026-01-22 00:00:00
TXN1422,VIN0042,75.92,19329.03,2026-01-23 00:00:00
TXN5314,VIN0042,66.69,19576.16,2026-01-24 00:00:00
TXN4727,VIN0042,43.76,20137.59,2026-01-25 00:00:00
TXN8605,VIN0042,58.13,20459.02,2026-01-26 00:00:00
TXN3046,VIN0042,58.8,20872.02,2026-01-27 00:00:00
TXN4185,VIN0042,52.83,21304.81,2026-01-28 00:00:00
TXN5389,VIN0042,99.9,21897.95,2026-01-29 00:00:00
TXN8842,VIN0042,56.54,22309.15,2026-01-30 00:00:00
TXN2897,VIN0043,88.44,10317.1,2026-01-01 00:00:00
TXN3407,VIN0043,58.6,10783.55,2026-01-02 00:00:00
TXN1461,VIN0043,111.97,11378.77,2026-01-03 00:00:00
TXN3996,VIN0043,103.65,11798.12,2026-01-04 00:00:00
TXN4089,VIN0043,69.44,12076.72,2026-01-05 00:00:00
TXN4992,VIN0043,115.35,12541.6,2026-01-06 00:00:00
TXN8010,VIN0043,104.2,13094.07,2026-01-07 00:00:00
TXN1418,VIN0043,104.28,13469.22,2026-01-08 00:00:00
TXN5637,VIN0043,64.24,13811.88,2026-01-09 00:00:00
TXN5766,VIN0043,50.88,14362.86,2026-01-10 00:00:00
TXN9554,VIN0043,66.29,14843.91,2026-01-11 00:00:00
TXN7763,VIN0043,93.27,15399.43,2026-01-12 00:00:00
TXN9907,VIN0043,96.55,15631.09,2026-01-13 00:00:00
TXN1984,VIN0043,78.5,16008.69,2026-01-14 00:00:00
TXN6809,VIN0043,94.08,16466.86,2026-01-15 00:00:00
TXN7108,VIN0043,93.59,16785.98,2026-01-16 00:00:00
TXN8774,VIN0043,100.48,17100.13,2026-01-17 00:00:00
TXN6382,VIN0043,48.22,17623.62,2026-01-18 00:00:00
TXN5724,VIN0043,116.07,18190.39,2026-01-19 00:00:00
TXN8421,VIN0043,79.72,18784.91,2026-01-20 00:00:00
TXN3521,VIN0043,70.99,19180.99,2026-01-21 00:00:00
TXN2427,VIN0043,58.92,19464.53,2026-01-22 00:00:00
TXN6707,VIN0043,84.8,20013.64,2026-01-23 00:00:00
TXN2845,VIN0043,65.48,20602.0,2026-01-24 00:00:00
TXN1120,VIN0043,41.37,21139.43,2026-01-25 00:00:00
TXN4365,VIN0043,101.76,21486.04,2026-01-26 00:00:00
TXN9665,VIN0043,85.89,21773.6,2026-01-27 00:00:00
TXN9394,VIN0043,79.87,22251.96,2026-01-28 00:00:00
TXN2437,VIN0043,56.51,22776.77,2026-01-29 00:00:00
TXN8312,VIN0043,82.47,23234.13,2026-01-30 00:00:00
TXN2967,VIN0044,78.11,10366.92,2026-01-01 00:00:00
TXN7977,VIN0044,50.09,10835.63,2026-01-02 00:00:00
TXN2749,VIN0044,79.71,11261.43,2026-01-03 00:00:00
TXN6747,VIN0044,46.3,11710.88,2026-01-04 00:00:00
TXN8035,VIN0044,54.12,11968.32,2026-01-05 00:00:00
TXN4496,VIN0044,117.16,12278.65,2026-01-06 00:00:00
TXN3333,VIN0044,115.78,12782.22,2026-01-07 00:00:00
TXN9765,VIN0044,61.88,13199.84,2026-01-08 00:00:00
TXN6487,VIN0044,49.2,13798.81,2026-01-09 00:00:00
TXN5050,VIN0044,83.08,14098.52,2026-01-10 00:00:00
TXN6046,VIN0044,58.83,14610.22,2026-01-11 00:00:00
TXN8904,VIN0044,100.03,15036.87,2026-01-12 00:00:00
TXN6826,VIN0044,68.59,15467.69,2026-01-13 00:00:00
TXN1361,VIN0044,75.68,15962.26,2026-01-14 00:00:00
TXN1101,VIN0044,117.55,16474.5,2026-01-15 00:00:00
TXN4936,VIN0044,109.04,16961.55,2026-01-16 00:00:00
TXN9456,VIN0044,60.76,17510.99,2026-01-17 00:00:00
TXN7214,VIN0044,81.63,17947.06,2026-01-18 00:00:00
TXN7608,VIN0044,40.84,18486.7,2026-01-19 00:00:00
TXN9031,VIN0044,92.24,18730.27,2026-01-20 00:00:00
TXN7881,VIN0044,59.72,19072.13,2026-01-21 00:00:00
TXN9938,VIN0044,86.35,19324.42,2026-01-22 00:00:00
TXN3573,VIN0044,42.96,19861.77,2026-01-23 00:00:00
TXN4620,VIN0044,91.4,20126.94,2026-01-24 00:00:00
TXN3155,VIN0044,97.66,20478.49,2026-01-25 00:00:00
TXN5594,VIN0044,86.89,20800.73,2026-01-26 00:00:00
TXN2128,VIN0044,61.21,21224.06,2026-01-27 00:00:00
TXN8644,VIN0044,89.04,21566.89,2026-01-28 00:00:00
TXN5720,VIN0044,117.08,21920.58,2026-01-29 00:00:00
TXN1147,VIN0044,40.52,22142.25,2026-01-30 00:00:00
TXN2717,VIN0045,69.6,10322.36,2026-01-01 00:00:00
TXN6209,VIN0045,118.18,10707.21,2026-01-02 00:00:00
TXN2532,VIN0045,49.32,11141.65,2026-01-03 00:00:00
TXN7896,VIN0045,117.01,11404.13,2026-01-04 00:00:00
TXN2037,VIN0045,81.67,11850.44,2026-01-05 00:00:00
TXN5139,VIN0045,52.35,12178.37,2026-01-06 00:00:00
TXN1081,VIN0045,62.04,12754.44,2026-01-07 00:00:00
TXN3205,VIN0045,80.23,13163.52,2026-01-08 00:00:00
TXN9940,VIN0045,86.46,13466.03,2026-01-09 00:00:00
TXN6257,VIN0045,91.71,13692.73,2026-01-10 00:00:00
TXN9363,VIN0045,69.55,13983.04,2026-01-11 00:00:00
TXN9603,VIN0045,112.7,14218.03,2026-01-12 00:00:00
TXN3570,VIN0045,70.68,14664.7,2026-01-13 00:00:00
TXN5353,VIN0045,77.27,15228.22,2026-01-14 00:00:00
TXN6518,VIN0045,100.42,15553.09,2026-01-15 00:00:00
TXN6101,VIN0045,88.96,15790.52,2026-01-16 00:00:00
TXN3671,VIN0045,75.74,16353.48,2026-01-17 00:00:00
TXN1851,VIN0045,64.27,16832.37,2026-01-18 00:00:00
TXN3648,VIN0045,119.26,17248.1,2026-01-19 00:00:00
TXN6165,VIN0045,118.19,17829.02,2026-01-20 00:00:00
TXN1915,VIN0045,79.09,18192.67,2026-01-21 00:00:00
TXN8072,VIN0045,93.87,18540.66,2026-01-22 00:00:00
TXN1823,VIN0045,61.41,19112.18,2026-01-23 00:00:00
TXN2403,VIN0045,46.87,19627.2,2026-01-24 00:00:00
TXN7968,VIN0045,105.64,20063.83,2026-01-25 00:00:00
TXN3568,VIN0045,64.37,20485.16,2026-01-26 00:00:00
TXN9664,VIN0045,65.22,20823.13,2026-01-27 00:00:00
TXN2155,VIN0045,115.36,21038.55,2026-01-28 00:00:00
TXN4864,VIN0045,45.94,21598.28,2026-01-29 00:00:00
TXN1780,VIN0045,83.9,21972.14,2026-01-30 00:00:00
TXN6450,VIN0046,92.21,10333.25,2026-01-01 00:00:00
TXN4444,VIN0046,53.98,10561.21,2026-01-02 00:00:00
TXN7550,VIN0046,100.41,11127.24,2026-01-03 00:00:00
TXN5225,VIN0046,118.39,11668.43,2026-01-04 00:00:00
TXN9409,VIN0046,73.63,12143.71,2026-01-05 00:00:00
TXN3362,VIN0046,111.83,12350.24,2026-01-06 00:00:00
TXN1194,VIN0046,109.92,12786.24,2026-01-07 00:00:00
TXN1393,VIN0046,50.07,13072.04,2026-01-08 00:00:00
TXN8018,VIN0046,101.67,13517.52,2026-01-09 00:00:00
TXN7296,VIN0046,82.69,13783.21,2026-01-10 00:00:00
TXN2894,VIN0046,55.45,14230.78,2026-01-11 00:00:00
TXN4673,VIN0046,50.88,14554.58,2026-01-12 00:00:00
TXN4040,VIN0046,60.43,15004.66,2026-01-13 00:00:00
TXN6482,VIN0046,87.39,15272.71,2026-01-14 00:00:00
TXN2422,VIN0046,63.32,15672.31,2026-01-15 00:00:00
TXN9960,VIN0046,50.79,16135.65,2026-01-16 00:00:00
TXN4152,VIN0046,49.84,16668.12,2026-01-17 00:00:00
TXN3594,VIN0046,106.18,17191.06,2026-01-18 00:00:00
TXN7613,VIN0046,58.69,17531.96,2026-01-19 00:00:00
TXN9378,VIN0046,78.24,18062.87,2026-01-20 00:00:00
TXN3588,VIN0046,58.48,18590.69,2026-01-21 00:00:00
TXN6224,VIN0046,72.93,19155.17,2026-01-22 00:00:00
TXN7784,VIN0046,80.9,19521.19,2026-01-23 00:00:00
TXN5550,VIN0046,98.55,19770.3,2026-01-24 00:00:00
TXN4497,VIN0046,47.12,19994.56,2026-01-25 00:00:00
TXN1949,VIN0046,50.51,20578.0,2026-01-26 00:00:00
TXN5593,VIN0046,64.29,21044.62,2026-01-27 00:00:00
TXN8365,VIN0046,80.72,21342.17,2026-01-28 00:00:00
TXN3235,VIN0046,60.05,21819.28,2026-01-29 00:00:00
TXN2682,VIN0046,84.87,22371.46,2026-01-30 00:00:00
TXN9192,VIN0047,91.79,10433.01,2026-01-01 00:00:00
TXN1721,VIN0047,79.04,10737.24,2026-01-02 00:00:00
TXN8400,VIN0047,114.21,10951.8,2026-01-03 00:00:00
TXN8517,VIN0047,70.05,11319.87,2026-01-04 00:00:00
TXN9291,VIN0047,72.53,11787.88,2026-01-05 00:00:00
TXN6088,VIN0047,40.98,12296.75,2026-01-06 00:00:00
TXN7759,VIN0047,65.34,12769.08,2026-01-07 00:00:00
TXN7858,VIN0047,85.71,13073.81,2026-01-08 00:00:00
TXN3159,VIN0047,71.42,13570.83,2026-01-09 00:00:00
TXN3590,VIN0047,46.39,14041.9,2026-01-10 00:00:00
TXN2504,VIN0047,91.01,14262.62,2026-01-11 00:00:00
TXN1307,VIN0047,97.71,14850.63,2026-01-12 00:00:00
TXN6188,VIN0047,86.77,15278.46,2026-01-13 00:00:00
TXN7404,VIN0047,111.09,15485.28,2026-01-14 00:00:00
TXN1908,VIN0047,43.64,15820.91,2026-01-15 00:00:00
TXN5168,VIN0047,55.57,16080.44,2026-01-16 00:00:00
TXN7446,VIN0047,91.96,16370.08,2026-01-17 00:00:00
TXN7624,VIN0047,71.54,16926.79,2026-01-18 00:00:00
TXN8065,VIN0047,44.55,17378.88,2026-01-19 00:00:00
TXN8714,VIN0047,116.26,17793.92,2026-01-20 00:00:00
TXN3656,VIN0047,76.63,18071.98,2026-01-21 00:00:00
TXN2092,VIN0047,53.18,18649.45,2026-01-22 00:00:00
TXN2544,VIN0047,84.02,18850.66,2026-01-23 00:00:00
TXN1184,VIN0047,45.88,19328.46,2026-01-24 00:00:00
TXN4732,VIN0047,91.4,19919.92,2026-01-25 00:00:00
TXN8736,VIN0047,110.36,20462.36,2026-01-26 00:00:00
TXN4376,VIN0047,72.13,20815.16,2026-01-27 00:00:00
TXN8624,VIN0047,78.14,21184.49,2026-01-28 00:00:00
TXN2775,VIN0047,70.29,21392.36,2026-01-29 00:00:00
TXN7440,VIN0047,110.2,21950.1,2026-01-30 00:00:00
TXN8262,VIN0048,47.78,10294.61,2026-01-01 00:00:00
TXN6480,VIN0048,94.4,10538.24,2026-01-02 00:00:00
TXN7167,VIN0048,105.77,10760.65,2026-01-03 00:00:00
TXN8247,VIN0048,93.91,11209.31,2026-01-04 00:00:00
TXN9275,VIN0048,111.83,11515.56,2026-01-05 00:00:00
TXN8903,VIN0048,45.71,12101.26,2026-01-06 00:00:00
TXN7963,VIN0048,65.5,12537.56,2026-01-07 00:00:00
TXN9112,VIN0048,92.46,13046.68,2026-01-08 00:00:00
TXN8529,VIN0048,55.49,13424.36,2026-01-09 00:00:00
TXN4021,VIN0048,109.89,13713.33,2026-01-10 00:00:00
TXN5356,VIN0048,108.76,14057.42,2026-01-11 00:00:00
TXN5013,VIN0048,108.5,14422.65,2026-01-12 00:00:00
TXN8025,VIN0048,44.21,14812.21,2026-01-13 00:00:00
TXN6495,VIN0048,69.01,15143.95,2026-01-14 00:00:00
TXN4726,VIN0048,94.4,15412.76,2026-01-15 00:00:00
TXN8850,VIN0048,68.45,15809.48,2026-01-16 00:00:00
TXN8230,VIN0048,41.01,16176.84,2026-01-17 00:00:00
TXN1331,VIN0048,85.8,16448.51,2026-01-18 00:00:00
TXN5115,VIN0048,92.9,16873.53,2026-01-19 00:00:00
TXN9648,VIN0048,79.75,17373.11,2026-01-20 00:00:00
TXN7448,VIN0048,96.45,17948.87,2026-01-21 00:00:00
TXN4884,VIN0048,94.51,18452.82,2026-01-22 00:00:00
TXN2450,VIN0048,81.97,18714.16,2026-01-23 00:00:00
TXN9425,VIN0048,89.33,19046.78,2026-01-24 00:00:00
TXN2657,VIN0048,118.98,19612.0,2026-01-25 00:00:00
TXN1930,VIN0048,110.25,20061.26,2026-01-26 00:00:00
TXN7278,VIN0048,87.79,20576.32,2026-01-27 00:00:00
TXN1642,VIN0048,107.78,21118.61,2026-01-28 00:00:00
TXN2826,VIN0048,102.92,21553.86,2026-01-29 00:00:00
TXN7850,VIN0048,112.07,21792.1,2026-01-30 00:00:00
TXN8373,VIN0049,115.84,10361.1,2026-01-01 00:00:00
TXN3336,VIN0049,46.7,10820.15,2026-01-02 00:00:00
TXN1003,VIN0049,80.1,11295.71,2026-01-03 00:00:00
TXN8343,VIN0049,94.91,11498.96,2026-01-04 00:00:00
TXN1993,VIN0049,63.73,11959.65,2026-01-05 00:00:00
TXN6752,VIN0049,83.18,12508.49,2026-01-06 00:00:00
TXN3869,VIN0049,110.17,13105.76,2026-01-07 00:00:00
TXN8276,VIN0049,110.94,13514.67,2026-01-08 00:00:00
TXN3631,VIN0049,84.5,14020.83,2026-01-09 00:00:00
TXN8674,VIN0049,109.58,14262.87,2026-01-10 00:00:00
TXN4903,VIN0049,99.33,14811.92,2026-01-11 00:00:00
TXN2171,VIN0049,82.04,15147.75,2026-01-12 00:00:00
TXN8315,VIN0049,67.14,15549.08,2026-01-13 00:00:00
TXN4984,VIN0049,102.33,16010.78,2026-01-14 00:00:00
TXN7713,VIN0049,108.77,16449.05,2026-01-15 00:00:00
TXN9318,VIN0049,52.54,16721.5,2026-01-16 00:00:00
TXN2728,VIN0049,77.2,17206.29,2026-01-17 00:00:00
TXN2824,VIN0049,70.8,17551.36,2026-01-18 00:00:00
TXN4767,VIN0049,44.41,18124.39,2026-01-19 00:00:00
TXN3380,VIN0049,86.67,18372.06,2026-01-20 00:00:00
TXN8518,VIN0049,109.42,18810.92,2026-01-21 00:00:00
TXN7261,VIN0049,93.58,19162.87,2026-01-22 00:00:00
TXN9519,VIN0049,70.75,19736.85,2026-01-23 00:00:00
TXN8930,VIN0049,103.68,19987.75,2026-01-24 00:00:00
TXN3869,VIN0049,40.56,20408.27,2026-01-25 00:00:00
TXN4681,VIN0049,58.79,20962.88,2026-01-26 00:00:00
TXN1342,VIN0049,86.56,21485.91,2026-01-27 00:00:00
TXN1064,VIN0049,56.26,21856.37,2026-01-28 00:00:00
TXN6877,VIN0049,119.39,22299.81,2026-01-29 00:00:00
TXN4123,VIN0049,84.5,22604.65,2026-01-30 00:00:00
